Name of Student,PHYSICAL CONDITION,SELF-CONFIDENCE,COMMUNICATION SKILLS,CLASS
Student 1,4,5,5,Employable
Student 2,4,4,3,Employable
Student 3,3,3,2,LessEmployable
Student 4,3,3,3,LessEmployable
Student 5,3,4,3,Employable
Student 6,3,3,3,Employable
Student 7,4,3,3,Employable
Student 8,3,3,3,Employable
Student 9,4,4,4,Employable
Student 10,3,3,4,Employable
Student 11,5,5,4,LessEmployable
Student 12,4,3,4,Employable
Student 13,3,3,2,LessEmployable
Student 14,3,3,2,LessEmployable
Student 15,3,4,3,LessEmployable
Student 16,3,3,3,LessEmployable
Student 17,3,3,3,LessEmployable
Student 18,4,4,4,LessEmployable
Student 19,4,5,4,LessEmployable
Student 20,3,5,3,LessEmployable
Student 21,5,4,4,Employable
Student 22,4,4,4,Employable
Student 23,5,5,4,Employable
Student 24,3,5,3,LessEmployable
Student 25,5,5,4,Employable
Student 26,4,5,4,Employable
Student 27,4,3,3,LessEmployable
Student 28,5,5,4,Employable
Student 29,4,4,4,Employable
Student 30,5,5,4,Employable
Student 31,4,3,3,LessEmployable
Student 32,4,3,3,LessEmployable
Student 33,4,5,4,LessEmployable
Student 34,4,5,3,LessEmployable
Student 35,5,5,5,Employable
Student 36,3,5,3,Employable
Student 37,5,4,4,Employable
Student 38,4,4,5,Employable
Student 39,3,3,4,LessEmployable
Student 40,5,5,4,Employable
Student 41,5,5,4,Employable
Student 42,5,5,4,Employable
Student 43,5,5,4,Employable
Student 44,4,4,3,LessEmployable
Student 45,5,4,4,LessEmployable
Student 46,4,3,3,LessEmployable
Student 47,3,4,3,LessEmployable
Student 48,5,5,4,Employable
Student 49,5,5,4,Employable
Student 50,5,5,4,Employable
Student 51,5,5,4,Employable
Student 52,5,5,4,Employable
Student 53,5,5,4,Employable
Student 54,5,4,4,Employable
Student 55,4,4,3,LessEmployable
Student 56,4,3,4,LessEmployable
Student 57,5,5,4,Employable
Student 58,4,4,4,Employable
Student 59,3,3,3,Employable
Student 60,4,5,4,LessEmployable
Student 61,3,3,3,Employable
Student 62,4,3,3,Employable
Student 63,4,4,3,LessEmployable
Student 64,4,4,4,Employable
Student 65,3,3,3,Employable
Student 66,3,3,5,Employable
Student 67,4,4,4,Employable
Student 68,5,5,5,Employable
Student 69,4,4,4,Employable
Student 70,3,3,3,Employable
Student 71,3,3,3,Employable
Student 72,4,4,4,LessEmployable
Student 73,3,4,4,LessEmployable
Student 74,4,3,3,Employable
Student 75,4,3,3,Employable
Student 76,4,4,4,Employable
Student 77,4,3,4,Employable
Student 78,4,4,3,LessEmployable
Student 79,2,2,3,Employable
Student 80,4,4,3,Employable
Student 81,3,3,3,LessEmployable
Student 82,4,3,3,Employable
Student 83,3,3,3,LessEmployable
Student 84,3,3,2,Employable
Student 85,4,4,4,Employable
Student 86,4,4,4,Employable
Student 87,4,4,3,LessEmployable
Student 88,4,3,4,Employable
Student 89,5,5,4,Employable
Student 90,3,3,2,Employable
Student 91,4,4,3,LessEmployable
Student 92,4,4,4,LessEmployable
Student 93,3,3,2,Employable
Student 94,4,4,4,Employable
Student 95,3,3,3,LessEmployable
Student 96,4,3,3,Employable
Student 97,4,3,2,Employable
Student 98,3,3,3,LessEmployable
Student 99,3,3,3,LessEmployable
Student 100,4,3,3,Employable
Student 101,5,4,4,LessEmployable
Student 102,4,4,3,LessEmployable
Student 103,4,3,3,LessEmployable
Student 104,4,4,4,LessEmployable
Student 105,4,4,4,LessEmployable
Student 106,4,5,5,Employable
Student 107,4,4,4,Employable
Student 108,4,4,3,LessEmployable
Student 109,4,4,3,LessEmployable
Student 110,4,5,5,LessEmployable
Student 111,4,4,3,Employable
Student 112,4,4,3,Employable
Student 113,4,5,4,Employable
Student 114,4,4,3,Employable
Student 115,3,3,4,LessEmployable
Student 116,5,5,5,Employable
Student 117,5,5,4,Employable
Student 118,5,5,4,Employable
Student 119,5,4,3,Employable
Student 120,5,5,4,Employable
Student 121,5,4,3,LessEmployable
Student 122,5,5,3,Employable
Student 123,5,5,3,Employable
Student 124,4,4,4,LessEmployable
Student 125,4,4,3,LessEmployable
Student 126,4,4,3,LessEmployable
Student 127,5,4,3,LessEmployable
Student 128,5,5,3,Employable
Student 129,3,3,2,Employable
Student 130,4,4,4,Employable
Student 131,4,4,3,Employable
Student 132,3,3,3,Employable
Student 133,5,5,4,LessEmployable
Student 134,4,4,4,LessEmployable
Student 135,4,4,3,LessEmployable
Student 136,4,4,3,Employable
Student 137,4,4,3,Employable
Student 138,5,4,5,LessEmployable
Student 139,5,5,5,Employable
Student 140,5,5,5,Employable
Student 141,3,4,4,LessEmployable
Student 142,4,4,3,LessEmployable
Student 143,4,3,4,LessEmployable
Student 144,4,4,4,LessEmployable
Student 145,4,5,5,LessEmployable
Student 146,3,4,3,Employable
Student 147,4,4,3,Employable
Student 148,3,3,3,Employable
Student 149,4,4,3,LessEmployable
Student 150,4,3,4,LessEmployable
Student 151,2,3,3,LessEmployable
Student 152,5,5,5,LessEmployable
Student 153,4,3,3,LessEmployable
Student 154,5,5,5,LessEmployable
Student 155,3,3,3,Employable
Student 156,3,3,2,LessEmployable
Student 157,5,5,5,Employable
Student 158,5,5,5,LessEmployable
Student 159,5,3,3,LessEmployable
Student 160,3,5,3,Employable
Student 161,5,5,3,Employable
Student 162,3,3,3,Employable
Student 163,4,4,3,Employable
Student 164,4,2,2,LessEmployable
Student 165,3,3,3,LessEmployable
Student 166,4,4,4,LessEmployable
Student 167,3,3,3,Employable
Student 168,3,3,3,Employable
Student 169,4,4,4,Employable
Student 170,4,4,4,Employable
Student 171,4,3,3,LessEmployable
Student 172,5,5,4,LessEmployable
Student 173,3,3,3,LessEmployable
Student 174,3,3,3,Employable
Student 175,4,4,4,LessEmployable
Student 176,4,4,4,Employable
Student 177,4,4,5,Employable
Student 178,4,5,5,Employable
Student 179,3,3,3,LessEmployable
Student 180,5,4,4,Employable
Student 181,4,3,3,Employable
Student 182,4,3,3,Employable
Student 183,4,5,5,Employable
Student 184,4,4,3,Employable
Student 185,3,3,2,LessEmployable
Student 186,3,3,3,LessEmployable
Student 187,3,4,3,Employable
Student 188,3,3,3,Employable
Student 189,4,3,3,Employable
Student 190,3,3,3,Employable
Student 191,4,4,4,Employable
Student 192,3,3,4,Employable
Student 193,5,5,4,LessEmployable
Student 194,4,3,4,Employable
Student 195,3,3,2,LessEmployable
Student 196,3,3,2,LessEmployable
Student 197,3,4,3,LessEmployable
Student 198,3,3,3,LessEmployable
Student 199,3,3,3,LessEmployable
Student 200,4,4,4,LessEmployable
Student 201,4,5,4,LessEmployable
Student 202,3,5,3,LessEmployable
Student 203,5,4,4,Employable
Student 204,4,4,4,Employable
Student 205,5,5,4,Employable
Student 206,3,5,3,LessEmployable
Student 207,5,5,4,Employable
Student 208,4,5,4,Employable
Student 209,4,3,3,LessEmployable
Student 210,5,5,4,Employable
Student 211,4,4,4,Employable
Student 212,5,5,4,Employable
Student 213,4,3,3,LessEmployable
Student 214,4,3,3,LessEmployable
Student 215,4,5,4,LessEmployable
Student 216,4,5,3,LessEmployable
Student 217,5,5,5,Employable
Student 218,3,5,3,Employable
Student 219,5,4,4,Employable
Student 220,4,4,5,Employable
Student 221,3,3,4,LessEmployable
Student 222,5,5,4,Employable
Student 223,5,5,4,Employable
Student 224,5,5,4,Employable
Student 225,5,5,4,Employable
Student 226,4,4,3,LessEmployable
Student 227,5,4,4,LessEmployable
Student 228,4,3,3,LessEmployable
Student 229,3,4,3,LessEmployable
Student 230,5,5,4,Employable
Student 231,5,5,4,Employable
Student 232,5,5,4,Employable
Student 233,5,5,4,Employable
Student 234,5,5,4,Employable
Student 235,5,5,4,Employable
Student 236,5,4,4,Employable
Student 237,4,4,3,LessEmployable
Student 238,4,3,4,LessEmployable
Student 239,5,5,4,Employable
Student 240,4,4,4,Employable
Student 241,3,3,3,Employable
Student 242,4,5,4,LessEmployable
Student 243,3,3,3,Employable
Student 244,4,3,3,Employable
Student 245,4,4,3,LessEmployable
Student 246,4,4,4,Employable
Student 247,3,3,3,Employable
Student 248,3,3,5,Employable
Student 249,4,4,4,Employable
Student 250,5,5,5,Employable
Student 251,4,4,4,Employable
Student 252,3,3,3,Employable
Student 253,3,3,3,Employable
Student 254,4,4,4,LessEmployable
Student 255,3,4,4,LessEmployable
Student 256,4,3,3,Employable
Student 257,4,3,3,Employable
Student 258,4,4,4,Employable
Student 259,4,3,4,Employable
Student 260,4,4,3,LessEmployable
Student 261,2,2,3,Employable
Student 262,4,4,3,Employable
Student 263,3,3,3,LessEmployable
Student 264,4,3,3,Employable
Student 265,3,3,3,LessEmployable
Student 266,3,3,2,Employable
Student 267,4,4,4,Employable
Student 268,4,4,4,Employable
Student 269,4,4,3,LessEmployable
Student 270,4,3,4,Employable
Student 271,5,5,4,Employable
Student 272,3,3,2,Employable
Student 273,4,4,3,LessEmployable
Student 274,4,4,4,LessEmployable
Student 275,3,3,2,Employable
Student 276,4,4,4,Employable
Student 277,3,3,3,LessEmployable
Student 278,4,3,3,Employable
Student 279,4,3,2,Employable
Student 280,3,3,3,LessEmployable
Student 281,3,3,3,LessEmployable
Student 282,4,3,3,Employable
Student 283,5,4,4,LessEmployable
Student 284,4,4,3,LessEmployable
Student 285,4,3,3,LessEmployable
Student 286,4,4,4,LessEmployable
Student 287,4,4,4,LessEmployable
Student 288,4,5,5,Employable
Student 289,4,4,4,Employable
Student 290,4,4,3,LessEmployable
Student 291,4,4,3,LessEmployable
Student 292,4,5,5,LessEmployable
Student 293,4,4,3,Employable
Student 294,4,4,3,Employable
Student 295,4,5,4,Employable
Student 296,4,4,3,Employable
Student 297,3,3,4,LessEmployable
Student 298,5,5,5,Employable
Student 299,5,5,4,Employable
Student 300,5,5,4,Employable
Student 301,5,4,3,Employable
Student 302,5,5,4,Employable
Student 303,5,4,3,LessEmployable
Student 304,5,5,3,Employable
Student 305,5,5,3,Employable
Student 306,4,4,4,LessEmployable
Student 307,4,4,3,LessEmployable
Student 308,4,4,3,LessEmployable
Student 309,5,4,3,LessEmployable
Student 310,5,5,3,Employable
Student 311,3,3,2,Employable
Student 312,4,4,4,Employable
Student 313,4,4,3,Employable
Student 314,3,3,3,Employable
Student 315,5,5,4,LessEmployable
Student 316,4,4,4,LessEmployable
Student 317,4,4,3,LessEmployable
Student 318,4,4,3,Employable
Student 319,4,4,3,Employable
Student 320,5,4,5,LessEmployable
Student 321,5,5,5,Employable
Student 322,5,5,5,Employable
Student 323,3,4,4,LessEmployable
Student 324,4,4,3,LessEmployable
Student 325,4,3,4,LessEmployable
Student 326,4,4,4,LessEmployable
Student 327,4,5,5,LessEmployable
Student 328,3,4,3,Employable
Student 329,4,4,3,Employable
Student 330,3,3,3,Employable
Student 331,4,4,3,LessEmployable
Student 332,4,3,4,LessEmployable
Student 333,2,3,3,LessEmployable
Student 334,5,5,5,LessEmployable
Student 335,4,3,3,LessEmployable
Student 336,5,5,5,LessEmployable
Student 337,3,3,3,Employable
Student 338,3,3,2,LessEmployable
Student 339,5,5,5,Employable
Student 340,5,5,5,LessEmployable
Student 341,5,3,3,LessEmployable
Student 342,3,5,3,Employable
Student 343,5,5,3,Employable
Student 344,3,3,3,Employable
Student 345,4,4,3,Employable
Student 346,4,2,2,LessEmployable
Student 347,3,3,3,LessEmployable
Student 348,4,4,4,LessEmployable
Student 349,3,3,3,Employable
Student 350,3,3,3,Employable
Student 351,4,4,4,Employable
Student 352,4,4,4,Employable
Student 353,4,3,3,LessEmployable
Student 354,5,5,4,LessEmployable
Student 355,3,3,3,LessEmployable
Student 356,3,3,3,Employable
Student 357,4,4,4,LessEmployable
Student 358,4,4,4,Employable
Student 359,4,4,5,Employable
Student 360,4,5,5,Employable
Student 361,3,3,3,LessEmployable
Student 362,5,4,4,Employable
Student 363,4,3,3,Employable
Student 364,4,3,3,Employable
Student 365,4,5,5,Employable
Student 366,4,4,3,Employable
Student 367,3,3,2,LessEmployable
Student 368,3,3,3,LessEmployable
Student 369,3,4,3,Employable
Student 370,3,3,3,Employable
Student 371,4,3,3,Employable
Student 372,3,3,3,Employable
Student 373,4,4,4,Employable
Student 374,3,3,4,Employable
Student 375,5,5,4,LessEmployable
Student 376,4,3,4,Employable
Student 377,3,3,2,LessEmployable
Student 378,3,3,2,LessEmployable
Student 379,3,4,3,LessEmployable
Student 380,3,3,3,LessEmployable
Student 381,3,3,3,LessEmployable
Student 382,4,4,4,LessEmployable
Student 383,4,5,4,LessEmployable
Student 384,3,5,3,LessEmployable
Student 385,5,4,4,Employable
Student 386,4,4,4,Employable
Student 387,5,5,4,Employable
Student 388,3,5,3,LessEmployable
Student 389,5,5,4,Employable
Student 390,4,5,4,Employable
Student 391,4,3,3,LessEmployable
Student 392,5,5,4,Employable
Student 393,4,4,4,Employable
Student 394,5,5,4,Employable
Student 395,4,3,3,LessEmployable
Student 396,4,3,3,LessEmployable
Student 397,4,5,4,LessEmployable
Student 398,4,5,3,LessEmployable
Student 399,5,5,5,Employable
Student 400,3,5,3,Employable
Student 401,5,4,4,Employable
Student 402,4,4,5,Employable
Student 403,3,3,4,LessEmployable
Student 404,5,5,4,Employable
Student 405,5,5,4,Employable
Student 406,5,5,4,Employable
Student 407,5,5,4,Employable
Student 408,4,4,3,LessEmployable
Student 409,5,4,4,LessEmployable
Student 410,4,3,3,LessEmployable
Student 411,3,4,3,LessEmployable
Student 412,5,5,4,Employable
Student 413,5,5,4,Employable
Student 414,5,5,4,Employable
Student 415,5,5,4,Employable
Student 416,5,5,4,Employable
Student 417,5,5,4,Employable
Student 418,5,4,4,Employable
Student 419,4,4,3,LessEmployable
Student 420,4,3,4,LessEmployable
Student 421,5,5,4,Employable
Student 422,4,4,4,Employable
Student 423,3,3,3,Employable
Student 424,4,5,4,LessEmployable
Student 425,3,3,3,Employable
Student 426,4,3,3,Employable
Student 427,4,4,3,LessEmployable
Student 428,4,4,4,Employable
Student 429,3,3,3,Employable
Student 430,3,3,5,Employable
Student 431,4,4,4,Employable
Student 432,5,5,5,Employable
Student 433,4,4,4,Employable
Student 434,3,3,3,Employable
Student 435,3,3,3,Employable
Student 436,4,4,4,LessEmployable
Student 437,3,4,4,LessEmployable
Student 438,4,3,3,Employable
Student 439,4,3,3,Employable
Student 440,4,4,4,Employable
Student 441,4,3,4,Employable
Student 442,4,4,3,LessEmployable
Student 443,2,2,3,Employable
Student 444,4,4,3,Employable
Student 445,3,3,3,LessEmployable
Student 446,4,3,3,Employable
Student 447,3,3,3,LessEmployable
Student 448,3,3,2,Employable
Student 449,4,4,4,Employable
Student 450,4,4,4,Employable
Student 451,4,4,3,LessEmployable
Student 452,4,3,4,Employable
Student 453,5,5,4,Employable
Student 454,3,3,2,Employable
Student 455,4,4,3,LessEmployable
Student 456,4,4,4,LessEmployable
Student 457,3,3,2,Employable
Student 458,4,4,4,Employable
Student 459,3,3,3,LessEmployable
Student 460,4,3,3,Employable
Student 461,4,3,2,Employable
Student 462,3,3,3,LessEmployable
Student 463,3,3,3,LessEmployable
Student 464,4,3,3,Employable
Student 465,5,4,4,LessEmployable
Student 466,4,4,3,LessEmployable
Student 467,4,3,3,LessEmployable
Student 468,4,4,4,LessEmployable
Student 469,4,4,4,LessEmployable
Student 470,4,5,5,Employable
Student 471,4,4,4,Employable
Student 472,4,4,3,LessEmployable
Student 473,4,4,3,LessEmployable
Student 474,4,5,5,LessEmployable
Student 475,4,4,3,Employable
Student 476,4,4,3,Employable
Student 477,4,5,4,Employable
Student 478,4,4,3,Employable
Student 479,3,3,4,LessEmployable
Student 480,5,5,5,Employable
Student 481,5,5,4,Employable
Student 482,5,5,4,Employable
Student 483,5,4,3,Employable
Student 484,5,5,4,Employable
Student 485,5,4,3,LessEmployable
Student 486,5,5,3,Employable
Student 487,5,5,3,Employable
Student 488,4,4,4,LessEmployable
Student 489,4,4,3,LessEmployable
Student 490,4,4,3,LessEmployable
Student 491,5,4,3,LessEmployable
Student 492,5,5,3,Employable
Student 493,3,3,2,Employable
Student 494,4,4,4,Employable
Student 495,4,4,3,Employable
Student 496,3,3,3,Employable
Student 497,5,5,4,LessEmployable
Student 498,4,4,4,LessEmployable
Student 499,4,4,3,LessEmployable
Student 500,4,4,3,Employable
Student 501,4,4,3,Employable
Student 502,5,4,5,LessEmployable
Student 503,5,5,5,Employable
Student 504,5,5,5,Employable
Student 505,3,4,4,LessEmployable
Student 506,4,4,3,LessEmployable
Student 507,4,3,4,LessEmployable
Student 508,4,4,4,LessEmployable
Student 509,4,5,5,LessEmployable
Student 510,3,4,3,Employable
Student 511,4,4,3,Employable
Student 512,3,3,3,Employable
Student 513,4,4,3,LessEmployable
Student 514,4,3,4,LessEmployable
Student 515,2,3,3,LessEmployable
Student 516,5,5,5,LessEmployable
Student 517,4,3,3,LessEmployable
Student 518,5,5,5,LessEmployable
Student 519,3,3,3,Employable
Student 520,3,3,2,LessEmployable
Student 521,5,5,5,Employable
Student 522,5,5,5,LessEmployable
Student 523,5,3,3,LessEmployable
Student 524,3,5,3,Employable
Student 525,5,5,3,Employable
Student 526,3,3,3,Employable
Student 527,4,4,3,Employable
Student 528,4,2,2,LessEmployable
Student 529,3,3,3,LessEmployable
Student 530,4,4,4,LessEmployable
Student 531,3,3,3,Employable
Student 532,3,3,3,Employable
Student 533,4,4,4,Employable
Student 534,4,4,4,Employable
Student 535,4,3,3,LessEmployable
Student 536,5,5,4,LessEmployable
Student 537,3,3,3,LessEmployable
Student 538,3,3,3,Employable
Student 539,4,4,4,LessEmployable
Student 540,4,4,4,Employable
Student 541,4,4,5,Employable
Student 542,4,5,5,Employable
Student 543,3,3,3,LessEmployable
Student 544,5,4,4,Employable
Student 545,4,3,3,Employable
Student 546,4,3,3,Employable
Student 547,4,5,5,Employable
Student 548,4,4,3,Employable
Student 549,3,3,2,LessEmployable
Student 550,3,3,3,LessEmployable
Student 551,3,4,3,Employable
Student 552,3,3,3,Employable
Student 553,4,3,3,Employable
Student 554,3,3,3,Employable
Student 555,4,4,4,Employable
Student 556,3,3,4,Employable
Student 557,5,5,4,LessEmployable
Student 558,4,3,4,Employable
Student 559,3,3,2,LessEmployable
Student 560,3,3,2,LessEmployable
Student 561,3,4,3,LessEmployable
Student 562,3,3,3,LessEmployable
Student 563,3,3,3,LessEmployable
Student 564,4,4,4,LessEmployable
Student 565,4,5,4,LessEmployable
Student 566,3,5,3,LessEmployable
Student 567,5,4,4,Employable
Student 568,4,4,4,Employable
Student 569,5,5,4,Employable
Student 570,3,5,3,LessEmployable
Student 571,5,5,4,Employable
Student 572,4,5,4,Employable
Student 573,4,3,3,LessEmployable
Student 574,5,5,4,Employable
Student 575,4,4,4,Employable
Student 576,5,5,4,Employable
Student 577,4,3,3,LessEmployable
Student 578,4,3,3,LessEmployable
Student 579,4,5,4,LessEmployable
Student 580,4,5,3,LessEmployable
Student 581,5,5,5,Employable
Student 582,3,5,3,Employable
Student 583,5,4,4,Employable
Student 584,4,4,5,Employable
Student 585,3,3,4,LessEmployable
Student 586,5,5,4,Employable
Student 587,5,5,4,Employable
Student 588,5,5,4,Employable
Student 589,5,5,4,Employable
Student 590,4,4,3,LessEmployable
Student 591,5,4,4,LessEmployable
Student 592,4,3,3,LessEmployable
Student 593,3,4,3,LessEmployable
Student 594,5,5,4,Employable
Student 595,5,5,4,Employable
Student 596,5,5,4,Employable
Student 597,5,5,4,Employable
Student 598,5,5,4,Employable
Student 599,5,5,4,Employable
Student 600,5,4,4,Employable
Student 601,4,4,3,LessEmployable
Student 602,4,3,4,LessEmployable
Student 603,5,5,4,Employable
Student 604,4,4,4,Employable
Student 605,3,3,3,Employable
Student 606,4,5,4,LessEmployable
Student 607,3,3,3,Employable
Student 608,4,3,3,Employable
Student 609,4,4,3,LessEmployable
Student 610,4,4,4,Employable
Student 611,3,3,3,Employable
Student 612,3,3,5,Employable
Student 613,4,4,4,Employable
Student 614,5,5,5,Employable
Student 615,4,4,4,Employable
Student 616,3,3,3,Employable
Student 617,3,3,3,Employable
Student 618,4,4,4,LessEmployable
Student 619,3,4,4,LessEmployable
Student 620,4,3,3,Employable
Student 621,4,3,3,Employable
Student 622,4,4,4,Employable
Student 623,4,3,4,Employable
Student 624,4,4,3,LessEmployable
Student 625,2,2,3,Employable
Student 626,4,4,3,Employable
Student 627,3,3,3,LessEmployable
Student 628,4,3,3,Employable
Student 629,3,3,3,LessEmployable
Student 630,3,3,2,Employable
Student 631,4,4,4,Employable
Student 632,4,4,4,Employable
Student 633,4,4,3,LessEmployable
Student 634,4,3,4,Employable
Student 635,5,5,4,Employable
Student 636,3,3,2,Employable
Student 637,4,4,3,LessEmployable
Student 638,4,4,4,LessEmployable
Student 639,3,3,2,Employable
Student 640,4,4,4,Employable
Student 641,3,3,3,LessEmployable
Student 642,4,3,3,Employable
Student 643,4,3,2,Employable
Student 644,3,3,3,LessEmployable
Student 645,3,3,3,LessEmployable
Student 646,4,3,3,Employable
Student 647,5,4,4,LessEmployable
Student 648,4,4,3,LessEmployable
Student 649,4,3,3,LessEmployable
Student 650,4,4,4,LessEmployable
Student 651,4,4,4,LessEmployable
Student 652,4,5,5,Employable
Student 653,4,4,4,Employable
Student 654,4,4,3,LessEmployable
Student 655,4,4,3,LessEmployable
Student 656,4,5,5,LessEmployable
Student 657,4,4,3,Employable
Student 658,4,4,3,Employable
Student 659,4,5,4,Employable
Student 660,4,4,3,Employable
Student 661,3,3,4,LessEmployable
Student 662,5,5,5,Employable
Student 663,5,5,4,Employable
Student 664,5,5,4,Employable
Student 665,5,4,3,Employable
Student 666,5,5,4,Employable
Student 667,5,4,3,LessEmployable
Student 668,5,5,3,Employable
Student 669,5,5,3,Employable
Student 670,4,4,4,LessEmployable
Student 671,4,4,3,LessEmployable
Student 672,4,4,3,LessEmployable
Student 673,5,4,3,LessEmployable
Student 674,5,5,3,Employable
Student 675,3,3,2,Employable
Student 676,4,4,4,Employable
Student 677,4,4,3,Employable
Student 678,3,3,3,Employable
Student 679,5,5,4,LessEmployable
Student 680,4,4,4,LessEmployable
Student 681,4,4,3,LessEmployable
Student 682,4,4,3,Employable
Student 683,4,4,3,Employable
Student 684,5,4,5,LessEmployable
Student 685,5,5,5,Employable
Student 686,5,5,5,Employable
Student 687,3,4,4,LessEmployable
Student 688,4,4,3,LessEmployable
Student 689,4,3,4,LessEmployable
Student 690,4,4,4,LessEmployable
Student 691,4,5,5,LessEmployable
Student 692,3,4,3,Employable
Student 693,4,4,3,Employable
Student 694,3,3,3,Employable
Student 695,4,4,3,LessEmployable
Student 696,4,3,4,LessEmployable
Student 697,2,3,3,LessEmployable
Student 698,5,5,5,LessEmployable
Student 699,4,3,3,LessEmployable
Student 700,5,5,5,LessEmployable
Student 701,3,3,3,Employable
Student 702,3,3,2,LessEmployable
Student 703,5,5,5,Employable
Student 704,5,5,5,LessEmployable
Student 705,5,3,3,LessEmployable
Student 706,3,5,3,Employable
Student 707,5,5,3,Employable
Student 708,3,3,3,Employable
Student 709,4,4,3,Employable
Student 710,4,2,2,LessEmployable
Student 711,3,3,3,LessEmployable
Student 712,4,4,4,LessEmployable
Student 713,3,3,3,Employable
Student 714,3,3,3,Employable
Student 715,4,4,4,Employable
Student 716,4,4,4,Employable
Student 717,4,3,3,LessEmployable
Student 718,5,5,4,LessEmployable
Student 719,3,3,3,LessEmployable
Student 720,3,3,3,Employable
Student 721,4,4,4,LessEmployable
Student 722,4,4,4,Employable
Student 723,4,4,5,Employable
Student 724,4,5,5,Employable
Student 725,3,3,3,LessEmployable
Student 726,5,4,4,Employable
Student 727,4,3,3,Employable
Student 728,4,3,3,Employable
Student 729,4,5,5,Employable
Student 730,4,4,3,Employable
Student 731,3,3,2,LessEmployable
Student 732,3,3,3,LessEmployable
Student 733,3,4,3,Employable
Student 734,3,3,3,Employable
Student 735,4,3,3,Employable
Student 736,3,3,3,Employable
Student 737,4,4,4,Employable
Student 738,3,3,4,Employable
Student 739,5,5,4,LessEmployable
Student 740,4,3,4,Employable
Student 741,3,3,2,LessEmployable
Student 742,3,3,2,LessEmployable
Student 743,3,4,3,LessEmployable
Student 744,3,3,3,LessEmployable
Student 745,3,3,3,LessEmployable
Student 746,4,4,4,LessEmployable
Student 747,4,5,4,LessEmployable
Student 748,3,5,3,LessEmployable
Student 749,5,4,4,Employable
Student 750,4,4,4,Employable
Student 751,5,5,4,Employable
Student 752,3,5,3,LessEmployable
Student 753,5,5,4,Employable
Student 754,4,5,4,Employable
Student 755,4,3,3,LessEmployable
Student 756,5,5,4,Employable
Student 757,4,4,4,Employable
Student 758,5,5,4,Employable
Student 759,4,3,3,LessEmployable
Student 760,4,3,3,LessEmployable
Student 761,4,5,4,LessEmployable
Student 762,4,5,3,LessEmployable
Student 763,5,5,5,Employable
Student 764,3,5,3,Employable
Student 765,5,4,4,Employable
Student 766,4,4,5,Employable
Student 767,3,3,4,LessEmployable
Student 768,5,5,4,Employable
Student 769,5,5,4,Employable
Student 770,5,5,4,Employable
Student 771,5,5,4,Employable
Student 772,4,4,3,LessEmployable
Student 773,5,4,4,LessEmployable
Student 774,4,3,3,LessEmployable
Student 775,3,4,3,LessEmployable
Student 776,5,5,4,Employable
Student 777,5,5,4,Employable
Student 778,5,5,4,Employable
Student 779,5,5,4,Employable
Student 780,5,5,4,Employable
Student 781,5,5,4,Employable
Student 782,5,4,4,Employable
Student 783,4,4,3,LessEmployable
Student 784,4,3,4,LessEmployable
Student 785,5,5,4,Employable
Student 786,4,4,4,Employable
Student 787,3,3,3,Employable
Student 788,4,5,4,LessEmployable
Student 789,3,3,3,Employable
Student 790,4,3,3,Employable
Student 791,4,4,3,LessEmployable
Student 792,4,4,4,Employable
Student 793,3,3,3,Employable
Student 794,3,3,5,Employable
Student 795,4,4,4,Employable
Student 796,5,5,5,Employable
Student 797,4,4,4,Employable
Student 798,3,3,3,Employable
Student 799,3,3,3,Employable
Student 800,4,4,4,LessEmployable
Student 801,3,4,4,LessEmployable
Student 802,4,3,3,Employable
Student 803,4,3,3,Employable
Student 804,4,4,4,Employable
Student 805,4,3,4,Employable
Student 806,4,4,3,LessEmployable
Student 807,2,2,3,Employable
Student 808,4,4,3,Employable
Student 809,3,3,3,LessEmployable
Student 810,4,3,3,Employable
Student 811,3,3,3,LessEmployable
Student 812,3,3,2,Employable
Student 813,4,4,4,Employable
Student 814,4,4,4,Employable
Student 815,4,4,3,LessEmployable
Student 816,4,3,4,Employable
Student 817,5,5,4,Employable
Student 818,3,3,2,Employable
Student 819,4,4,3,LessEmployable
Student 820,4,4,4,LessEmployable
Student 821,3,3,2,Employable
Student 822,4,4,4,Employable
Student 823,3,3,3,LessEmployable
Student 824,4,3,3,Employable
Student 825,4,3,2,Employable
Student 826,3,3,3,LessEmployable
Student 827,3,3,3,LessEmployable
Student 828,4,3,3,Employable
Student 829,5,4,4,LessEmployable
Student 830,4,4,3,LessEmployable
Student 831,4,3,3,LessEmployable
Student 832,4,4,4,LessEmployable
Student 833,4,4,4,LessEmployable
Student 834,4,5,5,Employable
Student 835,4,4,4,Employable
Student 836,4,4,3,LessEmployable
Student 837,4,4,3,LessEmployable
Student 838,4,5,5,LessEmployable
Student 839,4,4,3,Employable
Student 840,4,4,3,Employable
Student 841,4,5,4,Employable
Student 842,4,4,3,Employable
Student 843,3,3,4,LessEmployable
Student 844,5,5,5,Employable
Student 845,5,5,4,Employable
Student 846,5,5,4,Employable
Student 847,5,4,3,Employable
Student 848,5,5,4,Employable
Student 849,5,4,3,LessEmployable
Student 850,5,5,3,Employable
Student 851,5,5,3,Employable
Student 852,4,4,4,LessEmployable
Student 853,4,4,3,LessEmployable
Student 854,4,4,3,LessEmployable
Student 855,5,4,3,LessEmployable
Student 856,5,5,3,Employable
Student 857,3,3,2,Employable
Student 858,4,4,4,Employable
Student 859,4,4,3,Employable
Student 860,3,3,3,Employable
Student 861,5,5,4,LessEmployable
Student 862,4,4,4,LessEmployable
Student 863,4,4,3,LessEmployable
Student 864,4,4,3,Employable
Student 865,4,4,3,Employable
Student 866,5,4,5,LessEmployable
Student 867,5,5,5,Employable
Student 868,5,5,5,Employable
Student 869,3,4,4,LessEmployable
Student 870,4,4,3,LessEmployable
Student 871,4,3,4,LessEmployable
Student 872,4,4,4,LessEmployable
Student 873,4,5,5,LessEmployable
Student 874,3,4,3,Employable
Student 875,4,4,3,Employable
Student 876,3,3,3,Employable
Student 877,4,4,3,LessEmployable
Student 878,4,3,4,LessEmployable
Student 879,2,3,3,LessEmployable
Student 880,5,5,5,LessEmployable
Student 881,4,3,3,LessEmployable
Student 882,5,5,5,LessEmployable
Student 883,3,3,3,Employable
Student 884,3,3,2,LessEmployable
Student 885,5,5,5,Employable
Student 886,5,5,5,LessEmployable
Student 887,5,3,3,LessEmployable
Student 888,3,5,3,Employable
Student 889,5,5,3,Employable
Student 890,3,3,3,Employable
Student 891,4,4,3,Employable
Student 892,4,2,2,LessEmployable
Student 893,3,3,3,LessEmployable
Student 894,4,4,4,LessEmployable
Student 895,3,3,3,Employable
Student 896,3,3,3,Employable
Student 897,4,4,4,Employable
Student 898,4,4,4,Employable
Student 899,4,3,3,LessEmployable
Student 900,5,5,4,LessEmployable
Student 901,3,3,3,LessEmployable
Student 902,3,3,3,Employable
Student 903,4,4,4,LessEmployable
Student 904,4,4,4,Employable
Student 905,4,4,5,Employable
Student 906,4,5,5,Employable
Student 907,3,3,3,LessEmployable
Student 908,5,4,4,Employable
Student 909,4,3,3,Employable
Student 910,4,3,3,Employable
Student 911,4,5,5,Employable
Student 912,4,4,3,Employable
Student 913,3,3,2,LessEmployable
Student 914,3,3,3,LessEmployable
Student 915,3,4,3,Employable
Student 916,3,3,3,Employable
Student 917,4,3,3,Employable
Student 918,3,3,3,Employable
Student 919,4,4,4,Employable
Student 920,3,3,4,Employable
Student 921,5,5,4,LessEmployable
Student 922,4,3,4,Employable
Student 923,3,3,2,LessEmployable
Student 924,3,3,2,LessEmployable
Student 925,3,4,3,LessEmployable
Student 926,3,3,3,LessEmployable
Student 927,3,3,3,LessEmployable
Student 928,4,4,4,LessEmployable
Student 929,4,5,4,LessEmployable
Student 930,3,5,3,LessEmployable
Student 931,5,4,4,Employable
Student 932,4,4,4,Employable
Student 933,5,5,4,Employable
Student 934,3,5,3,LessEmployable
Student 935,5,5,4,Employable
Student 936,4,5,4,Employable
Student 937,4,3,3,LessEmployable
Student 938,5,5,4,Employable
Student 939,4,4,4,Employable
Student 940,5,5,4,Employable
Student 941,4,3,3,LessEmployable
Student 942,4,3,3,LessEmployable
Student 943,4,5,4,LessEmployable
Student 944,4,5,3,LessEmployable
Student 945,5,5,5,Employable
Student 946,3,5,3,Employable
Student 947,5,4,4,Employable
Student 948,4,4,5,Employable
Student 949,3,3,4,LessEmployable
Student 950,5,5,4,Employable
Student 951,5,5,4,Employable
Student 952,5,5,4,Employable
Student 953,5,5,4,Employable
Student 954,4,4,3,LessEmployable
Student 955,5,4,4,LessEmployable
Student 956,4,3,3,LessEmployable
Student 957,3,4,3,LessEmployable
Student 958,5,5,4,Employable
Student 959,5,5,4,Employable
Student 960,5,5,4,Employable
Student 961,5,5,4,Employable
Student 962,5,5,4,Employable
Student 963,5,5,4,Employable
Student 964,5,4,4,Employable
Student 965,4,4,3,LessEmployable
Student 966,4,3,4,LessEmployable
Student 967,5,5,4,Employable
Student 968,4,4,4,Employable
Student 969,3,3,3,Employable
Student 970,4,5,4,LessEmployable
Student 971,3,3,3,Employable
Student 972,4,3,3,Employable
Student 973,4,4,3,LessEmployable
Student 974,4,4,4,Employable
Student 975,3,3,3,Employable
Student 976,3,3,5,Employable
Student 977,4,4,4,Employable
Student 978,5,5,5,Employable
Student 979,4,4,4,Employable
Student 980,3,3,3,Employable
Student 981,3,3,3,Employable
Student 982,4,4,4,LessEmployable
Student 983,3,4,4,LessEmployable
Student 984,4,3,3,Employable
Student 985,4,3,3,Employable
Student 986,4,4,4,Employable
Student 987,4,3,4,Employable
Student 988,4,4,3,LessEmployable
Student 989,2,2,3,Employable
Student 990,4,4,3,Employable
Student 991,3,3,3,LessEmployable
Student 992,4,3,3,Employable
Student 993,3,3,3,LessEmployable
Student 994,3,3,2,Employable
Student 995,4,4,4,Employable
Student 996,4,4,4,Employable
Student 997,4,4,3,LessEmployable
Student 998,4,3,4,Employable
Student 999,5,5,4,Employable
Student 1000,3,3,2,Employable
Student 1001,4,4,3,LessEmployable
Student 1002,4,4,4,LessEmployable
Student 1003,3,3,2,Employable
Student 1004,4,4,4,Employable
Student 1005,3,3,3,LessEmployable
Student 1006,4,3,3,Employable
Student 1007,4,3,2,Employable
Student 1008,3,3,3,LessEmployable
Student 1009,3,3,3,LessEmployable
Student 1010,4,3,3,Employable
Student 1011,5,4,4,LessEmployable
Student 1012,4,4,3,LessEmployable
Student 1013,4,3,3,LessEmployable
Student 1014,4,4,4,LessEmployable
Student 1015,4,4,4,LessEmployable
Student 1016,4,5,5,Employable
Student 1017,4,4,4,Employable
Student 1018,4,4,3,LessEmployable
Student 1019,4,4,3,LessEmployable
Student 1020,4,5,5,LessEmployable
Student 1021,4,4,3,Employable
Student 1022,4,4,3,Employable
Student 1023,4,5,4,Employable
Student 1024,4,4,3,Employable
Student 1025,3,3,4,LessEmployable
Student 1026,5,5,5,Employable
Student 1027,5,5,4,Employable
Student 1028,5,5,4,Employable
Student 1029,5,4,3,Employable
Student 1030,5,5,4,Employable
Student 1031,5,4,3,LessEmployable
Student 1032,5,5,3,Employable
Student 1033,5,5,3,Employable
Student 1034,4,4,4,LessEmployable
Student 1035,4,4,3,LessEmployable
Student 1036,4,4,3,LessEmployable
Student 1037,5,4,3,LessEmployable
Student 1038,5,5,3,Employable
Student 1039,3,3,2,Employable
Student 1040,4,4,4,Employable
Student 1041,4,4,3,Employable
Student 1042,3,3,3,Employable
Student 1043,5,5,4,LessEmployable
Student 1044,4,4,4,LessEmployable
Student 1045,4,4,3,LessEmployable
Student 1046,4,4,3,Employable
Student 1047,4,4,3,Employable
Student 1048,5,4,5,LessEmployable
Student 1049,5,5,5,Employable
Student 1050,5,5,5,Employable
Student 1051,3,4,4,LessEmployable
Student 1052,4,4,3,LessEmployable
Student 1053,4,3,4,LessEmployable
Student 1054,4,4,4,LessEmployable
Student 1055,4,5,5,LessEmployable
Student 1056,3,4,3,Employable
Student 1057,4,4,3,Employable
Student 1058,3,3,3,Employable
Student 1059,4,4,3,LessEmployable
Student 1060,4,3,4,LessEmployable
Student 1061,2,3,3,LessEmployable
Student 1062,5,5,5,LessEmployable
Student 1063,4,3,3,LessEmployable
Student 1064,5,5,5,LessEmployable
Student 1065,3,3,3,Employable
Student 1066,3,3,2,LessEmployable
Student 1067,5,5,5,Employable
Student 1068,5,5,5,LessEmployable
Student 1069,5,3,3,LessEmployable
Student 1070,3,5,3,Employable
Student 1071,5,5,3,Employable
Student 1072,3,3,3,Employable
Student 1073,4,4,3,Employable
Student 1074,4,2,2,LessEmployable
Student 1075,3,3,3,LessEmployable
Student 1076,4,4,4,LessEmployable
Student 1077,3,3,3,Employable
Student 1078,3,3,3,Employable
Student 1079,4,4,4,Employable
Student 1080,4,4,4,Employable
Student 1081,4,3,3,LessEmployable
Student 1082,5,5,4,LessEmployable
Student 1083,3,3,3,LessEmployable
Student 1084,3,3,3,Employable
Student 1085,4,4,4,LessEmployable
Student 1086,4,4,4,Employable
Student 1087,4,4,5,Employable
Student 1088,4,5,5,Employable
Student 1089,3,3,3,LessEmployable
Student 1090,5,4,4,Employable
Student 1091,4,3,3,Employable
Student 1092,4,3,3,Employable
Student 1093,4,5,5,Employable
Student 1094,4,4,3,Employable
Student 1095,3,3,2,LessEmployable
Student 1096,3,3,3,LessEmployable
Student 1097,3,4,3,Employable
Student 1098,3,3,3,Employable
Student 1099,4,3,3,Employable
Student 1100,3,3,3,Employable
Student 1101,4,4,4,Employable
Student 1102,3,3,4,Employable
Student 1103,5,5,4,LessEmployable
Student 1104,4,3,4,Employable
Student 1105,3,3,2,LessEmployable
Student 1106,3,3,2,LessEmployable
Student 1107,3,4,3,LessEmployable
Student 1108,3,3,3,LessEmployable
Student 1109,3,3,3,LessEmployable
Student 1110,4,4,4,LessEmployable
Student 1111,4,5,4,LessEmployable
Student 1112,3,5,3,LessEmployable
Student 1113,5,4,4,Employable
Student 1114,4,4,4,Employable
Student 1115,5,5,4,Employable
Student 1116,3,5,3,LessEmployable
Student 1117,5,5,4,Employable
Student 1118,4,5,4,Employable
Student 1119,4,3,3,LessEmployable
Student 1120,5,5,4,Employable
Student 1121,4,4,4,Employable
Student 1122,5,5,4,Employable
Student 1123,4,3,3,LessEmployable
Student 1124,4,3,3,LessEmployable
Student 1125,4,5,4,LessEmployable
Student 1126,4,5,3,LessEmployable
Student 1127,5,5,5,Employable
Student 1128,3,5,3,Employable
Student 1129,5,4,4,Employable
Student 1130,4,4,5,Employable
Student 1131,3,3,4,LessEmployable
Student 1132,5,5,4,Employable
Student 1133,5,5,4,Employable
Student 1134,5,5,4,Employable
Student 1135,5,5,4,Employable
Student 1136,4,4,3,LessEmployable
Student 1137,5,4,4,LessEmployable
Student 1138,4,3,3,LessEmployable
Student 1139,3,4,3,LessEmployable
Student 1140,5,5,4,Employable
Student 1141,5,5,4,Employable
Student 1142,5,5,4,Employable
Student 1143,5,5,4,Employable
Student 1144,5,5,4,Employable
Student 1145,5,5,4,Employable
Student 1146,5,4,4,Employable
Student 1147,4,4,3,LessEmployable
Student 1148,4,3,4,LessEmployable
Student 1149,5,5,4,Employable
Student 1150,4,4,4,Employable
Student 1151,3,3,3,Employable
Student 1152,4,5,4,LessEmployable
Student 1153,3,3,3,Employable
Student 1154,4,3,3,Employable
Student 1155,4,4,3,LessEmployable
Student 1156,4,4,4,Employable
Student 1157,3,3,3,Employable
Student 1158,3,3,5,Employable
Student 1159,4,4,4,Employable
Student 1160,5,5,5,Employable
Student 1161,4,4,4,Employable
Student 1162,3,3,3,Employable
Student 1163,3,3,3,Employable
Student 1164,4,4,4,LessEmployable
Student 1165,3,4,4,LessEmployable
Student 1166,4,3,3,Employable
Student 1167,4,3,3,Employable
Student 1168,4,4,4,Employable
Student 1169,4,3,4,Employable
Student 1170,4,4,3,LessEmployable
Student 1171,2,2,3,Employable
Student 1172,4,4,3,Employable
Student 1173,3,3,3,LessEmployable
Student 1174,4,3,3,Employable
Student 1175,3,3,3,LessEmployable
Student 1176,3,3,2,Employable
Student 1177,4,4,4,Employable
Student 1178,4,4,4,Employable
Student 1179,4,4,3,LessEmployable
Student 1180,4,3,4,Employable
Student 1181,5,5,4,Employable
Student 1182,3,3,2,Employable
Student 1183,4,4,3,LessEmployable
Student 1184,4,4,4,LessEmployable
Student 1185,3,3,2,Employable
Student 1186,4,4,4,Employable
Student 1187,3,3,3,LessEmployable
Student 1188,4,3,3,Employable
Student 1189,4,3,2,Employable
Student 1190,3,3,3,LessEmployable
Student 1191,3,3,3,LessEmployable
Student 1192,4,3,3,Employable
Student 1193,5,4,4,LessEmployable
Student 1194,4,4,3,LessEmployable
Student 1195,4,3,3,LessEmployable
Student 1196,4,4,4,LessEmployable
Student 1197,4,4,4,LessEmployable
Student 1198,4,5,5,Employable
Student 1199,4,4,4,Employable
Student 1200,4,4,3,LessEmployable
Student 1201,4,4,3,LessEmployable
Student 1202,4,5,5,LessEmployable
Student 1203,4,4,3,Employable
Student 1204,4,4,3,Employable
Student 1205,4,5,4,Employable
Student 1206,4,4,3,Employable
Student 1207,3,3,4,LessEmployable
Student 1208,5,5,5,Employable
Student 1209,5,5,4,Employable
Student 1210,5,5,4,Employable
Student 1211,5,4,3,Employable
Student 1212,5,5,4,Employable
Student 1213,5,4,3,LessEmployable
Student 1214,5,5,3,Employable
Student 1215,5,5,3,Employable
Student 1216,4,4,4,LessEmployable
Student 1217,4,4,3,LessEmployable
Student 1218,4,4,3,LessEmployable
Student 1219,5,4,3,LessEmployable
Student 1220,5,5,3,Employable
Student 1221,3,3,2,Employable
Student 1222,4,4,4,Employable
Student 1223,4,4,3,Employable
Student 1224,3,3,3,Employable
Student 1225,5,5,4,LessEmployable
Student 1226,4,4,4,LessEmployable
Student 1227,4,4,3,LessEmployable
Student 1228,4,4,3,Employable
Student 1229,4,4,3,Employable
Student 1230,5,4,5,LessEmployable
Student 1231,5,5,5,Employable
Student 1232,5,5,5,Employable
Student 1233,3,4,4,LessEmployable
Student 1234,4,4,3,LessEmployable
Student 1235,4,3,4,LessEmployable
Student 1236,4,4,4,LessEmployable
Student 1237,4,5,5,LessEmployable
Student 1238,3,4,3,Employable
Student 1239,4,4,3,Employable
Student 1240,3,3,3,Employable
Student 1241,4,4,3,LessEmployable
Student 1242,4,3,4,LessEmployable
Student 1243,2,3,3,LessEmployable
Student 1244,5,5,5,LessEmployable
Student 1245,4,3,3,LessEmployable
Student 1246,5,5,5,LessEmployable
Student 1247,3,3,3,Employable
Student 1248,3,3,2,LessEmployable
Student 1249,5,5,5,Employable
Student 1250,5,5,5,LessEmployable
Student 1251,5,3,3,LessEmployable
Student 1252,3,5,3,Employable
Student 1253,5,5,3,Employable
Student 1254,3,3,3,Employable
Student 1255,4,4,3,Employable
Student 1256,4,2,2,LessEmployable
Student 1257,3,3,3,LessEmployable
Student 1258,4,4,4,LessEmployable
Student 1259,3,3,3,Employable
Student 1260,3,3,3,Employable
Student 1261,4,4,4,Employable
Student 1262,4,4,4,Employable
Student 1263,4,3,3,LessEmployable
Student 1264,5,5,4,LessEmployable
Student 1265,3,3,3,LessEmployable
Student 1266,3,3,3,Employable
Student 1267,4,4,4,LessEmployable
Student 1268,4,4,4,Employable
Student 1269,4,4,5,Employable
Student 1270,4,5,5,Employable
Student 1271,3,3,3,LessEmployable
Student 1272,5,4,4,Employable
Student 1273,4,3,3,Employable
Student 1274,4,3,3,Employable
Student 1275,4,5,5,Employable
Student 1276,4,4,3,Employable
Student 1277,3,3,2,LessEmployable
Student 1278,3,3,3,LessEmployable
Student 1279,3,4,3,Employable
Student 1280,3,3,3,Employable
Student 1281,4,3,3,Employable
Student 1282,3,3,3,Employable
Student 1283,4,4,4,Employable
Student 1284,3,3,4,Employable
Student 1285,5,5,4,LessEmployable
Student 1286,4,3,4,Employable
Student 1287,3,3,2,LessEmployable
Student 1288,3,3,2,LessEmployable
Student 1289,3,4,3,LessEmployable
Student 1290,3,3,3,LessEmployable
Student 1291,3,3,3,LessEmployable
Student 1292,4,4,4,LessEmployable
Student 1293,4,5,4,LessEmployable
Student 1294,3,5,3,LessEmployable
Student 1295,5,4,4,Employable
Student 1296,4,4,4,Employable
Student 1297,5,5,4,Employable
Student 1298,3,5,3,LessEmployable
Student 1299,5,5,4,Employable
Student 1300,4,5,4,Employable
Student 1301,4,3,3,LessEmployable
Student 1302,5,5,4,Employable
Student 1303,4,4,4,Employable
Student 1304,5,5,4,Employable
Student 1305,4,3,3,LessEmployable
Student 1306,4,3,3,LessEmployable
Student 1307,4,5,4,LessEmployable
Student 1308,4,5,3,LessEmployable
Student 1309,5,5,5,Employable
Student 1310,3,5,3,Employable
Student 1311,5,4,4,Employable
Student 1312,4,4,5,Employable
Student 1313,3,3,4,LessEmployable
Student 1314,5,5,4,Employable
Student 1315,5,5,4,Employable
Student 1316,5,5,4,Employable
Student 1317,5,5,4,Employable
Student 1318,4,4,3,LessEmployable
Student 1319,5,4,4,LessEmployable
Student 1320,4,3,3,LessEmployable
Student 1321,3,4,3,LessEmployable
Student 1322,5,5,4,Employable
Student 1323,5,5,4,Employable
Student 1324,5,5,4,Employable
Student 1325,5,5,4,Employable
Student 1326,5,5,4,Employable
Student 1327,5,5,4,Employable
Student 1328,5,4,4,Employable
Student 1329,4,4,3,LessEmployable
Student 1330,4,3,4,LessEmployable
Student 1331,5,5,4,Employable
Student 1332,4,4,4,Employable
Student 1333,3,3,3,Employable
Student 1334,4,5,4,LessEmployable
Student 1335,3,3,3,Employable
Student 1336,4,3,3,Employable
Student 1337,4,4,3,LessEmployable
Student 1338,4,4,4,Employable
Student 1339,3,3,3,Employable
Student 1340,3,3,5,Employable
Student 1341,4,4,4,Employable
Student 1342,5,5,5,Employable
Student 1343,4,4,4,Employable
Student 1344,3,3,3,Employable
Student 1345,3,3,3,Employable
Student 1346,4,4,4,LessEmployable
Student 1347,3,4,4,LessEmployable
Student 1348,4,3,3,Employable
Student 1349,4,3,3,Employable
Student 1350,4,4,4,Employable
Student 1351,4,3,4,Employable
Student 1352,4,4,3,LessEmployable
Student 1353,2,2,3,Employable
Student 1354,4,4,3,Employable
Student 1355,3,3,3,LessEmployable
Student 1356,4,3,3,Employable
Student 1357,3,3,3,LessEmployable
Student 1358,3,3,2,Employable
Student 1359,4,4,4,Employable
Student 1360,4,4,4,Employable
Student 1361,4,4,3,LessEmployable
Student 1362,4,3,4,Employable
Student 1363,5,5,4,Employable
Student 1364,3,3,2,Employable
Student 1365,4,4,3,LessEmployable
Student 1366,4,4,4,LessEmployable
Student 1367,3,3,2,Employable
Student 1368,4,4,4,Employable
Student 1369,3,3,3,LessEmployable
Student 1370,4,3,3,Employable
Student 1371,4,3,2,Employable
Student 1372,3,3,3,LessEmployable
Student 1373,3,3,3,LessEmployable
Student 1374,4,3,3,Employable
Student 1375,5,4,4,LessEmployable
Student 1376,4,4,3,LessEmployable
Student 1377,4,3,3,LessEmployable
Student 1378,4,4,4,LessEmployable
Student 1379,4,4,4,LessEmployable
Student 1380,4,5,5,Employable
Student 1381,4,4,4,Employable
Student 1382,4,4,3,LessEmployable
Student 1383,4,4,3,LessEmployable
Student 1384,4,5,5,LessEmployable
Student 1385,4,4,3,Employable
Student 1386,4,4,3,Employable
Student 1387,4,5,4,Employable
Student 1388,4,4,3,Employable
Student 1389,3,3,4,LessEmployable
Student 1390,5,5,5,Employable
Student 1391,5,5,4,Employable
Student 1392,5,5,4,Employable
Student 1393,5,4,3,Employable
Student 1394,5,5,4,Employable
Student 1395,5,4,3,LessEmployable
Student 1396,5,5,3,Employable
Student 1397,5,5,3,Employable
Student 1398,4,4,4,LessEmployable
Student 1399,4,4,3,LessEmployable
Student 1400,4,4,3,LessEmployable
Student 1401,5,4,3,LessEmployable
Student 1402,5,5,3,Employable
Student 1403,3,3,2,Employable
Student 1404,4,4,4,Employable
Student 1405,4,4,3,Employable
Student 1406,3,3,3,Employable
Student 1407,5,5,4,LessEmployable
Student 1408,4,4,4,LessEmployable
Student 1409,4,4,3,LessEmployable
Student 1410,4,4,3,Employable
Student 1411,4,4,3,Employable
Student 1412,5,4,5,LessEmployable
Student 1413,5,5,5,Employable
Student 1414,5,5,5,Employable
Student 1415,3,4,4,LessEmployable
Student 1416,4,4,3,LessEmployable
Student 1417,4,3,4,LessEmployable
Student 1418,4,4,4,LessEmployable
Student 1419,4,5,5,LessEmployable
Student 1420,3,4,3,Employable
Student 1421,4,4,3,Employable
Student 1422,3,3,3,Employable
Student 1423,4,4,3,LessEmployable
Student 1424,4,3,4,LessEmployable
Student 1425,2,3,3,LessEmployable
Student 1426,5,5,5,LessEmployable
Student 1427,4,3,3,LessEmployable
Student 1428,5,5,5,LessEmployable
Student 1429,3,3,3,Employable
Student 1430,3,3,2,LessEmployable
Student 1431,5,5,5,Employable
Student 1432,5,5,5,LessEmployable
Student 1433,5,3,3,LessEmployable
Student 1434,3,5,3,Employable
Student 1435,5,5,3,Employable
Student 1436,3,3,3,Employable
Student 1437,4,4,3,Employable
Student 1438,4,2,2,LessEmployable
Student 1439,3,3,3,LessEmployable
Student 1440,4,4,4,LessEmployable
Student 1441,3,3,3,Employable
Student 1442,3,3,3,Employable
Student 1443,4,4,4,Employable
Student 1444,4,4,4,Employable
Student 1445,4,3,3,LessEmployable
Student 1446,5,5,4,LessEmployable
Student 1447,3,3,3,LessEmployable
Student 1448,3,3,3,Employable
Student 1449,4,4,4,LessEmployable
Student 1450,4,4,4,Employable
Student 1451,4,4,5,Employable
Student 1452,4,5,5,Employable
Student 1453,3,3,3,LessEmployable
Student 1454,5,4,4,Employable
Student 1455,4,3,3,Employable
Student 1456,4,3,3,Employable
Student 1457,4,5,5,Employable
Student 1458,4,4,3,Employable
Student 1459,3,3,2,LessEmployable
Student 1460,3,3,3,LessEmployable
Student 1461,3,4,3,Employable
Student 1462,3,3,3,Employable
Student 1463,4,3,3,Employable
Student 1464,3,3,3,Employable
Student 1465,4,4,4,Employable
Student 1466,3,3,4,Employable
Student 1467,5,5,4,LessEmployable
Student 1468,4,3,4,Employable
Student 1469,3,3,2,LessEmployable
Student 1470,3,3,2,LessEmployable
Student 1471,3,4,3,LessEmployable
Student 1472,3,3,3,LessEmployable
Student 1473,3,3,3,LessEmployable
Student 1474,4,4,4,LessEmployable
Student 1475,4,5,4,LessEmployable
Student 1476,3,5,3,LessEmployable
Student 1477,5,4,4,Employable
Student 1478,4,4,4,Employable
Student 1479,5,5,4,Employable
Student 1480,3,5,3,LessEmployable
Student 1481,5,5,4,Employable
Student 1482,4,5,4,Employable
Student 1483,4,3,3,LessEmployable
Student 1484,5,5,4,Employable
Student 1485,4,4,4,Employable
Student 1486,5,5,4,Employable
Student 1487,4,3,3,LessEmployable
Student 1488,4,3,3,LessEmployable
Student 1489,4,5,4,LessEmployable
Student 1490,4,5,3,LessEmployable
Student 1491,5,5,5,Employable
Student 1492,3,5,3,Employable
Student 1493,5,4,4,Employable
Student 1494,4,4,5,Employable
Student 1495,3,3,4,LessEmployable
Student 1496,5,5,4,Employable
Student 1497,5,5,4,Employable
Student 1498,5,5,4,Employable
Student 1499,5,5,4,Employable
Student 1500,4,4,3,LessEmployable
Student 1501,5,4,4,LessEmployable
Student 1502,4,3,3,LessEmployable
Student 1503,3,4,3,LessEmployable
Student 1504,5,5,4,Employable
Student 1505,5,5,4,Employable
Student 1506,5,5,4,Employable
Student 1507,5,4,4,Employable
Student 1508,5,5,4,Employable
Student 1509,5,5,4,Employable
Student 1510,5,4,4,Employable
Student 1511,4,4,3,LessEmployable
Student 1512,4,3,4,LessEmployable
Student 1513,5,5,4,Employable
Student 1514,4,4,4,Employable
Student 1515,3,3,3,Employable
Student 1516,4,5,4,LessEmployable
Student 1517,3,3,3,Employable
Student 1518,4,3,3,Employable
Student 1519,4,4,3,LessEmployable
Student 1520,4,4,4,Employable
Student 1521,3,3,3,Employable
Student 1522,3,3,5,Employable
Student 1523,4,4,4,Employable
Student 1524,5,5,5,Employable
Student 1525,4,4,4,Employable
Student 1526,3,3,3,Employable
Student 1527,3,3,3,Employable
Student 1528,4,4,4,LessEmployable
Student 1529,3,4,4,LessEmployable
Student 1530,4,3,3,Employable
Student 1531,4,3,3,Employable
Student 1532,4,4,4,Employable
Student 1533,4,3,4,Employable
Student 1534,4,4,3,LessEmployable
Student 1535,2,2,3,Employable
Student 1536,4,4,3,Employable
Student 1537,3,3,3,LessEmployable
Student 1538,4,3,3,Employable
Student 1539,3,3,3,LessEmployable
Student 1540,3,3,2,Employable
Student 1541,4,4,4,Employable
Student 1542,4,4,4,Employable
Student 1543,4,4,3,LessEmployable
Student 1544,4,3,4,Employable
Student 1545,5,5,4,Employable
Student 1546,3,3,2,Employable
Student 1547,4,4,3,LessEmployable
Student 1548,4,4,4,LessEmployable
Student 1549,3,3,2,Employable
Student 1550,4,4,4,Employable
Student 1551,3,3,3,LessEmployable
Student 1552,4,3,3,Employable
Student 1553,4,3,2,Employable
Student 1554,3,3,3,LessEmployable
Student 1555,3,3,3,LessEmployable
Student 1556,4,3,3,Employable
Student 1557,5,4,4,LessEmployable
Student 1558,4,4,3,LessEmployable
Student 1559,4,3,3,LessEmployable
Student 1560,4,4,4,LessEmployable
Student 1561,4,4,4,LessEmployable
Student 1562,4,5,5,Employable
Student 1563,4,4,4,Employable
Student 1564,4,4,3,LessEmployable
Student 1565,4,4,3,LessEmployable
Student 1566,4,5,5,LessEmployable
Student 1567,4,4,3,Employable
Student 1568,4,4,3,Employable
Student 1569,4,5,4,Employable
Student 1570,4,4,3,Employable
Student 1571,3,3,4,LessEmployable
Student 1572,5,5,5,Employable
Student 1573,5,5,4,Employable
Student 1574,5,5,4,Employable
Student 1575,5,4,3,Employable
Student 1576,5,5,4,Employable
Student 1577,5,4,3,LessEmployable
Student 1578,5,5,3,Employable
Student 1579,5,5,3,Employable
Student 1580,4,4,4,LessEmployable
Student 1581,4,4,3,LessEmployable
Student 1582,4,4,3,LessEmployable
Student 1583,5,4,3,LessEmployable
Student 1584,5,5,3,Employable
Student 1585,3,3,2,Employable
Student 1586,4,4,4,Employable
Student 1587,4,4,3,Employable
Student 1588,3,3,3,Employable
Student 1589,5,5,4,LessEmployable
Student 1590,4,4,4,LessEmployable
Student 1591,4,4,3,LessEmployable
Student 1592,4,4,3,Employable
Student 1593,4,4,3,Employable
Student 1594,5,4,5,LessEmployable
Student 1595,5,5,5,Employable
Student 1596,5,5,5,Employable
Student 1597,3,4,4,LessEmployable
Student 1598,4,4,3,LessEmployable
Student 1599,4,3,4,LessEmployable
Student 1600,4,4,4,LessEmployable
Student 1601,4,5,5,LessEmployable
Student 1602,3,4,3,Employable
Student 1603,4,4,3,Employable
Student 1604,3,3,3,Employable
Student 1605,4,4,3,LessEmployable
Student 1606,4,3,4,LessEmployable
Student 1607,2,3,3,LessEmployable
Student 1608,5,5,5,LessEmployable
Student 1609,4,3,3,LessEmployable
Student 1610,5,5,5,LessEmployable
Student 1611,3,3,3,Employable
Student 1612,3,3,2,LessEmployable
Student 1613,5,5,5,Employable
Student 1614,5,5,5,LessEmployable
Student 1615,5,3,3,LessEmployable
Student 1616,3,5,3,Employable
Student 1617,5,5,3,Employable
Student 1618,3,3,3,Employable
Student 1619,4,4,3,Employable
Student 1620,4,2,2,LessEmployable
Student 1621,3,3,3,LessEmployable
Student 1622,4,4,4,LessEmployable
Student 1623,3,3,3,Employable
Student 1624,3,3,3,Employable
Student 1625,4,4,4,Employable
Student 1626,4,4,4,Employable
Student 1627,4,3,3,LessEmployable
Student 1628,5,5,4,LessEmployable
Student 1629,3,3,3,LessEmployable
Student 1630,3,3,3,Employable
Student 1631,4,4,4,LessEmployable
Student 1632,4,4,4,Employable
Student 1633,4,4,5,Employable
Student 1634,4,5,5,Employable
Student 1635,3,3,3,LessEmployable
Student 1636,5,4,4,Employable
Student 1637,4,3,3,Employable
Student 1638,4,3,3,Employable
Student 1639,4,5,5,Employable
Student 1640,4,4,3,Employable
Student 1641,3,3,2,LessEmployable
Student 1642,3,3,3,LessEmployable
Student 1643,3,4,3,Employable
Student 1644,3,3,3,Employable
Student 1645,4,3,3,Employable
Student 1646,3,3,3,Employable
Student 1647,4,4,4,Employable
Student 1648,3,3,4,Employable
Student 1649,5,5,4,LessEmployable
Student 1650,4,3,4,Employable
Student 1651,3,3,2,LessEmployable
Student 1652,3,3,2,LessEmployable
Student 1653,3,4,3,LessEmployable
Student 1654,3,3,3,LessEmployable
Student 1655,3,3,3,LessEmployable
Student 1656,4,4,4,LessEmployable
Student 1657,4,5,4,LessEmployable
Student 1664,4,5,4,Employable
Student 1665,4,3,3,LessEmployable
Student 1666,5,5,4,Employable
Student 1667,4,4,4,Employable
Student 1668,5,5,4,Employable
Student 1669,4,3,3,LessEmployable
Student 1670,4,3,3,LessEmployable
Student 1671,4,5,4,LessEmployable
Student 1672,4,5,3,LessEmployable
Student 1673,5,5,5,Employable
Student 1674,3,5,3,Employable
Student 1675,5,4,4,Employable
Student 1676,4,4,5,Employable
Student 1677,3,3,4,LessEmployable
Student 1678,5,5,4,Employable
Student 1679,5,5,4,Employable
Student 1680,5,5,4,Employable
Student 1681,5,5,4,Employable
Student 1682,4,4,3,LessEmployable
Student 1683,5,4,4,LessEmployable
Student 1684,4,3,3,LessEmployable
Student 1685,3,4,3,LessEmployable
Student 1686,5,5,4,Employable
Student 1687,5,5,4,Employable
Student 1688,5,5,4,Employable
Student 1689,5,5,4,Employable
Student 1690,5,5,4,Employable
Student 1691,5,5,4,Employable
Student 1692,5,4,4,Employable
Student 1693,4,4,3,LessEmployable
Student 1694,4,3,4,LessEmployable
Student 1696,4,4,4,Employable
Student 1697,3,3,3,Employable
Student 1698,4,5,4,LessEmployable
Student 1699,3,3,3,Employable
Student 1700,4,4,3,Employable
Student 1701,4,4,3,LessEmployable
Student 1702,4,4,3,Employable
Student 1703,3,4,3,Employable
Student 1704,3,4,3,Employable
Student 1705,4,4,3,Employable
Student 1706,5,5,5,Employable
Student 1707,4,4,4,Employable
Student 1708,3,3,3,Employable
Student 1709,3,3,3,Employable
Student 1710,4,4,4,LessEmployable
Student 1711,3,4,4,LessEmployable
Student 1712,4,3,3,Employable
Student 1713,4,3,3,Employable
Student 1714,4,4,4,Employable
Student 1715,4,3,4,Employable
Student 1716,4,4,3,LessEmployable
Student 1717,2,2,3,Employable
Student 1718,4,4,3,Employable
Student 1719,3,3,3,LessEmployable
Student 1720,4,3,3,Employable
Student 1721,3,3,3,LessEmployable
Student 1722,3,3,2,Employable
Student 1723,4,4,4,Employable
Student 1724,4,4,4,Employable
Student 1725,4,4,3,LessEmployable
Student 1726,4,3,4,Employable
Student 1727,5,5,4,Employable
Student 1728,3,3,2,Employable
Student 1729,4,4,3,LessEmployable
Student 1730,4,4,4,LessEmployable
Student 1731,3,3,2,Employable
Student 1732,4,4,4,Employable
Student 1733,3,3,3,LessEmployable
Student 1734,4,3,3,Employable
Student 1735,4,3,2,Employable
Student 1736,3,3,3,LessEmployable
Student 1737,3,3,3,LessEmployable
Student 1738,4,3,3,Employable
Student 1739,5,4,4,LessEmployable
Student 1740,4,4,3,LessEmployable
Student 1741,4,3,3,LessEmployable
Student 1742,4,4,4,LessEmployable
Student 1743,4,4,4,LessEmployable
Student 1744,4,5,5,Employable
Student 1745,4,4,4,Employable
Student 1746,4,4,3,LessEmployable
Student 1747,4,4,3,LessEmployable
Student 1748,4,5,5,LessEmployable
Student 1749,4,4,3,Employable
Student 1750,4,4,3,Employable
Student 1751,4,5,4,Employable
Student 1752,4,4,3,Employable
Student 1753,3,3,4,LessEmployable
Student 1754,5,5,5,Employable
Student 1755,5,5,4,Employable
Student 1756,5,5,4,Employable
Student 1757,5,4,3,Employable
Student 1758,5,5,4,Employable
Student 1759,5,4,3,LessEmployable
Student 1760,5,5,3,Employable
Student 1761,5,5,3,Employable
Student 1762,4,4,4,LessEmployable
Student 1763,4,4,3,LessEmployable
Student 1764,4,4,3,LessEmployable
Student 1765,5,4,3,LessEmployable
Student 1766,5,5,3,Employable
Student 1767,3,3,2,Employable
Student 1768,4,4,4,Employable
Student 1769,4,4,3,Employable
Student 1770,3,3,3,Employable
Student 1771,5,5,4,LessEmployable
Student 1772,4,4,4,LessEmployable
Student 1773,4,4,3,LessEmployable
Student 1774,4,4,3,Employable
Student 1775,4,4,3,Employable
Student 1776,5,4,5,LessEmployable
Student 1777,5,5,5,Employable
Student 1778,5,5,5,Employable
Student 1779,3,4,4,LessEmployable
Student 1780,4,4,3,LessEmployable
Student 1781,4,3,4,LessEmployable
Student 1782,4,4,4,LessEmployable
Student 1783,4,5,5,LessEmployable
Student 1784,3,4,3,Employable
Student 1785,4,4,3,Employable
Student 1786,3,3,3,Employable
Student 1787,4,4,3,LessEmployable
Student 1788,4,3,4,LessEmployable
Student 1789,2,3,3,LessEmployable
Student 1790,5,5,5,LessEmployable
Student 1791,4,3,3,LessEmployable
Student 1792,5,5,5,LessEmployable
Student 1793,3,3,3,Employable
Student 1794,3,3,2,LessEmployable
Student 1795,5,5,5,Employable
Student 1796,5,5,5,LessEmployable
Student 1797,5,3,3,LessEmployable
Student 1798,3,5,3,Employable
Student 1799,5,5,3,Employable
Student 1800,3,3,3,Employable
Student 1801,4,4,3,Employable
Student 1802,4,2,2,LessEmployable
Student 1803,3,3,3,LessEmployable
Student 1804,4,4,4,LessEmployable
Student 1805,3,3,3,Employable
Student 1806,3,3,3,Employable
Student 1807,4,4,4,Employable
Student 1808,4,4,4,Employable
Student 1809,4,3,3,LessEmployable
Student 1810,5,5,4,LessEmployable
Student 1811,3,3,3,LessEmployable
Student 1812,3,3,3,Employable
Student 1813,4,4,4,LessEmployable
Student 1814,4,4,4,Employable
Student 1815,4,4,5,Employable
Student 1816,4,5,5,Employable
Student 1817,3,3,3,LessEmployable
Student 1818,5,4,4,Employable
Student 1819,4,3,3,Employable
Student 1820,4,3,3,Employable
Student 1821,4,5,5,Employable
Student 1822,4,4,3,Employable
Student 1823,3,3,2,LessEmployable
Student 1824,3,3,3,LessEmployable
Student 1825,3,4,3,Employable
Student 1826,3,3,3,Employable
Student 1827,4,3,3,Employable
Student 1828,3,3,3,Employable
Student 1829,4,4,4,Employable
Student 1830,3,3,4,Employable
Student 1831,5,5,4,LessEmployable
Student 1832,4,3,4,Employable
Student 1833,3,3,2,LessEmployable
Student 1834,3,3,2,LessEmployable
Student 1835,3,4,3,LessEmployable
Student 1836,3,3,3,LessEmployable
Student 1837,3,3,3,LessEmployable
Student 1838,4,4,4,LessEmployable
Student 1839,4,5,4,LessEmployable
Student 1840,3,5,3,LessEmployable
Student 1841,5,4,4,Employable
Student 1842,4,4,4,Employable
Student 1843,5,5,4,Employable
Student 1844,3,5,3,LessEmployable
Student 1845,5,5,4,Employable
Student 1846,4,5,4,Employable
Student 1847,4,3,3,LessEmployable
Student 1848,5,5,4,Employable
Student 1849,4,4,4,Employable
Student 1850,5,5,4,Employable
Student 1851,4,3,3,LessEmployable
Student 1852,4,3,3,LessEmployable
Student 1853,4,5,4,LessEmployable
Student 1854,4,5,3,LessEmployable
Student 1855,5,5,5,Employable
Student 1856,3,5,3,Employable
Student 1857,5,4,4,Employable
Student 1858,4,4,5,Employable
Student 1859,3,3,4,LessEmployable
Student 1860,5,5,4,Employable
Student 1861,5,5,4,Employable
Student 1862,5,5,4,Employable
Student 1863,5,5,4,Employable
Student 1864,4,4,3,LessEmployable
Student 1865,5,4,4,LessEmployable
Student 1866,4,3,3,LessEmployable
Student 1867,3,4,3,LessEmployable
Student 1868,5,5,4,Employable
Student 1869,5,5,4,Employable
Student 1870,5,5,4,Employable
Student 1871,5,5,4,Employable
Student 1872,5,5,4,Employable
Student 1873,5,5,4,Employable
Student 1874,5,4,4,Employable
Student 1875,4,4,3,LessEmployable
Student 1876,4,3,4,LessEmployable
Student 1877,5,5,4,Employable
Student 1878,4,4,4,Employable
Student 1879,3,3,3,Employable
Student 1880,4,5,4,LessEmployable
Student 1881,3,3,3,Employable
Student 1882,4,3,3,Employable
Student 1883,4,4,3,LessEmployable
Student 1884,4,4,4,Employable
Student 1885,3,3,3,Employable
Student 1886,3,3,5,Employable
Student 1887,4,4,4,Employable
Student 1888,5,5,5,Employable
Student 1889,4,4,4,Employable
Student 1890,3,3,3,Employable
Student 1891,3,3,3,Employable
Student 1892,4,4,4,LessEmployable
Student 1893,3,4,4,LessEmployable
Student 1894,4,3,3,Employable
Student 1895,4,3,3,Employable
Student 1896,4,4,4,Employable
Student 1897,4,3,4,Employable
Student 1898,4,4,3,LessEmployable
Student 1899,2,2,3,Employable
Student 1900,4,4,3,Employable
Student 1901,3,3,3,LessEmployable
Student 1902,4,3,3,Employable
Student 1903,3,3,3,LessEmployable
Student 1904,3,3,2,Employable
Student 1905,4,4,4,Employable
Student 1906,4,4,4,Employable
Student 1907,4,4,3,LessEmployable
Student 1908,4,3,4,Employable
Student 1909,5,5,4,Employable
Student 1910,3,3,2,Employable
Student 1911,4,4,3,LessEmployable
Student 1912,4,4,4,LessEmployable
Student 1913,3,3,2,Employable
Student 1914,4,4,4,Employable
Student 1915,3,3,3,LessEmployable
Student 1916,4,3,3,Employable
Student 1917,4,3,2,Employable
Student 1918,3,3,3,LessEmployable
Student 1919,3,3,3,LessEmployable
Student 1920,4,3,3,Employable
Student 1921,5,4,4,LessEmployable
Student 1922,4,4,3,LessEmployable
Student 1923,4,3,3,LessEmployable
Student 1924,4,4,4,LessEmployable
Student 1925,4,4,4,LessEmployable
Student 1926,4,5,5,Employable
Student 1927,4,4,4,Employable
Student 1928,4,4,3,LessEmployable
Student 1929,4,4,3,LessEmployable
Student 1930,4,5,5,LessEmployable
Student 1931,4,4,3,Employable
Student 1932,4,4,3,Employable
Student 1933,4,5,4,Employable
Student 1934,4,4,3,Employable
Student 1935,3,3,4,LessEmployable
Student 1936,5,5,5,Employable
Student 1937,5,5,4,Employable
Student 1938,5,5,4,Employable
Student 1939,5,4,3,Employable
Student 1940,5,5,4,Employable
Student 1941,5,4,3,LessEmployable
Student 1942,5,5,3,Employable
Student 1943,5,5,3,Employable
Student 1944,4,4,4,LessEmployable
Student 1945,4,4,3,LessEmployable
Student 1946,4,4,3,LessEmployable
Student 1947,5,4,3,LessEmployable
Student 1948,5,5,3,Employable
Student 1949,3,3,2,Employable
Student 1950,4,4,4,Employable
Student 1951,4,4,3,Employable
Student 1952,3,3,3,Employable
Student 1953,5,5,4,LessEmployable
Student 1954,4,4,4,LessEmployable
Student 1955,4,4,3,LessEmployable
Student 1956,4,4,3,Employable
Student 1957,4,4,3,Employable
Student 1958,5,4,5,LessEmployable
Student 1959,5,5,5,Employable
Student 1960,5,5,5,Employable
Student 1961,3,4,4,LessEmployable
Student 1962,4,4,3,LessEmployable
Student 1963,4,3,4,LessEmployable
Student 1964,4,4,4,LessEmployable
Student 1966,4,4,3,Employable
Student 1967,4,4,3,Employable
Student 1968,4,3,3,Employable
Student 1970,4,3,4,LessEmployable
Student 1971,4,3,3,LessEmployable
Student 1972,5,5,5,LessEmployable
Student 1973,4,3,3,LessEmployable
Student 1974,5,5,5,LessEmployable
Student 1975,3,3,3,Employable
Student 1976,3,3,2,LessEmployable
Student 1977,5,5,5,Employable
Student 1978,5,5,5,LessEmployable
Student 1979,5,3,3,LessEmployable
Student 1980,3,5,3,Employable
Student 1981,5,5,3,Employable
Student 1982,3,3,3,Employable
Student 1983,4,4,3,Employable
Student 1984,4,2,2,LessEmployable
Student 1985,3,3,3,LessEmployable
Student 1986,4,4,4,LessEmployable
Student 1987,3,3,3,Employable
Student 1988,3,3,3,Employable
Student 1989,4,4,4,Employable
Student 1990,4,4,4,Employable
Student 1991,4,3,3,LessEmployable
Student 1992,5,5,4,LessEmployable
Student 1994,3,3,3,Employable
Student 1995,4,4,4,LessEmployable
Student 1996,4,4,4,Employable
Student 1997,4,4,5,Employable
Student 1998,4,5,5,Employable
Student 1999,4,4,3,LessEmployable
Student 2000,5,4,4,Employable
Student 2001,4,3,3,Employable
Student 2002,4,3,3,Employable
Student 2003,4,5,5,Employable
Student 2004,4,4,3,Employable
Student 2005,3,3,2,LessEmployable
Student 2006,3,3,3,LessEmployable
Student 2007,3,4,3,Employable
Student 2008,3,3,3,Employable
Student 2009,4,3,3,Employable
Student 2010,3,3,3,Employable
Student 2011,4,4,4,Employable
Student 2012,3,3,4,Employable
Student 2013,5,5,4,LessEmployable
Student 2014,4,3,4,Employable
Student 2015,3,3,2,LessEmployable
Student 2016,3,3,2,LessEmployable
Student 2017,3,4,3,LessEmployable
Student 2018,3,3,3,LessEmployable
Student 2019,3,3,3,LessEmployable
Student 2020,4,4,4,LessEmployable
Student 2021,4,5,4,LessEmployable
Student 2022,3,5,3,LessEmployable
Student 2023,5,4,4,Employable
Student 2024,4,4,4,Employable
Student 2025,5,5,4,Employable
Student 2026,3,5,3,LessEmployable
Student 2027,5,5,4,Employable
Student 2028,4,5,4,Employable
Student 2029,4,3,3,LessEmployable
Student 2030,5,5,4,Employable
Student 2031,4,4,4,Employable
Student 2032,5,5,4,Employable
Student 2033,4,3,3,LessEmployable
Student 2034,4,3,3,LessEmployable
Student 2035,4,5,4,LessEmployable
Student 2036,4,5,3,LessEmployable
Student 2037,5,5,5,Employable
Student 2038,3,5,3,Employable
Student 2039,5,4,4,Employable
Student 2040,4,4,5,Employable
Student 2041,3,3,4,LessEmployable
Student 2042,5,5,4,Employable
Student 2043,5,5,4,Employable
Student 2044,5,5,4,Employable
Student 2045,5,5,4,Employable
Student 2046,4,4,3,LessEmployable
Student 2047,5,4,4,LessEmployable
Student 2048,4,3,3,LessEmployable
Student 2049,3,4,3,LessEmployable
Student 2050,5,5,4,Employable
Student 2051,5,5,4,Employable
Student 2052,5,5,4,Employable
Student 2053,5,5,4,Employable
Student 2054,5,5,4,Employable
Student 2055,5,5,4,Employable
Student 2056,5,4,4,Employable
Student 2057,4,4,3,LessEmployable
Student 2058,4,3,4,LessEmployable
Student 2059,5,5,4,Employable
Student 2060,4,4,4,Employable
Student 2061,3,3,3,Employable
Student 2062,4,5,4,LessEmployable
Student 2063,3,3,3,Employable
Student 2064,4,3,3,Employable
Student 2065,4,4,3,LessEmployable
Student 2066,4,4,4,Employable
Student 2067,3,3,3,Employable
Student 2068,3,3,5,Employable
Student 2069,4,4,4,Employable
Student 2070,5,5,5,Employable
Student 2071,4,4,4,Employable
Student 2072,3,3,3,Employable
Student 2073,3,3,3,Employable
Student 2074,4,4,4,LessEmployable
Student 2075,3,4,4,LessEmployable
Student 2076,4,3,3,Employable
Student 2077,4,3,3,Employable
Student 2078,4,4,4,Employable
Student 2079,4,3,4,Employable
Student 2080,4,4,3,LessEmployable
Student 2081,2,2,3,Employable
Student 2082,4,4,3,Employable
Student 2083,3,3,3,LessEmployable
Student 2084,4,3,3,Employable
Student 2085,3,3,3,LessEmployable
Student 2086,3,3,2,Employable
Student 2087,4,4,4,Employable
Student 2088,4,4,4,Employable
Student 2089,4,4,3,LessEmployable
Student 2090,4,3,4,Employable
Student 2091,5,5,4,Employable
Student 2092,3,3,2,Employable
Student 2093,4,4,3,LessEmployable
Student 2094,4,4,4,LessEmployable
Student 2095,3,3,2,Employable
Student 2096,4,4,4,Employable
Student 2097,3,3,3,LessEmployable
Student 2098,4,3,3,Employable
Student 2099,4,3,2,Employable
Student 2100,3,3,3,LessEmployable
Student 2101,3,3,3,LessEmployable
Student 2102,4,3,3,Employable
Student 2103,5,4,4,LessEmployable
Student 2104,4,4,3,LessEmployable
Student 2113,4,4,3,Employable
Student 2114,4,4,3,Employable
Student 2115,4,5,4,Employable
Student 2116,4,4,3,Employable
Student 2117,3,3,4,LessEmployable
Student 2118,5,5,5,Employable
Student 2119,5,5,4,Employable
Student 2120,5,5,4,Employable
Student 2121,5,4,3,Employable
Student 2122,5,5,4,Employable
Student 2123,5,4,3,LessEmployable
Student 2124,5,5,3,Employable
Student 2125,5,5,3,Employable
Student 2126,4,4,4,LessEmployable
Student 2127,4,4,3,LessEmployable
Student 2128,4,4,3,LessEmployable
Student 2129,5,4,3,LessEmployable
Student 2130,5,5,3,Employable
Student 2131,3,3,2,Employable
Student 2132,4,4,4,Employable
Student 2133,4,4,3,Employable
Student 2134,3,3,3,Employable
Student 2135,5,5,4,LessEmployable
Student 2136,4,4,4,LessEmployable
Student 2137,4,4,3,LessEmployable
Student 2138,4,4,3,Employable
Student 2139,4,4,3,Employable
Student 2140,5,4,5,LessEmployable
Student 2141,5,5,5,Employable
Student 2142,5,5,5,Employable
Student 2143,3,4,4,LessEmployable
Student 2144,4,4,3,LessEmployable
Student 2145,4,3,4,LessEmployable
Student 2146,4,4,4,LessEmployable
Student 2147,4,5,5,LessEmployable
Student 2148,3,4,3,Employable
Student 2149,4,4,3,Employable
Student 2150,3,3,3,Employable
Student 2151,4,4,3,LessEmployable
Student 2152,4,3,4,LessEmployable
Student 2153,2,3,3,LessEmployable
Student 2154,5,5,5,LessEmployable
Student 2155,4,3,3,LessEmployable
Student 2156,5,5,5,LessEmployable
Student 2157,3,3,3,Employable
Student 2158,3,3,2,LessEmployable
Student 2159,5,5,5,Employable
Student 2160,5,5,5,LessEmployable
Student 2161,5,3,3,LessEmployable
Student 2162,3,5,3,Employable
Student 2163,5,5,3,Employable
Student 2164,3,3,3,Employable
Student 2165,4,4,3,Employable
Student 2166,4,2,2,LessEmployable
Student 2167,3,3,3,LessEmployable
Student 2168,4,4,4,LessEmployable
Student 2169,3,3,3,Employable
Student 2170,3,3,3,Employable
Student 2171,4,4,4,Employable
Student 2172,4,4,4,Employable
Student 2173,4,3,3,LessEmployable
Student 2174,5,5,4,LessEmployable
Student 2175,3,3,3,LessEmployable
Student 2176,3,3,3,Employable
Student 2177,4,4,4,LessEmployable
Student 2178,4,4,4,Employable
Student 2179,4,4,5,Employable
Student 2180,4,5,5,Employable
Student 2181,3,3,3,LessEmployable
Student 2182,5,4,4,Employable
Student 2183,4,3,3,Employable
Student 2184,4,3,3,Employable
Student 2185,4,5,5,Employable
Student 2186,4,4,3,Employable
Student 2187,3,3,2,LessEmployable
Student 2188,3,3,3,LessEmployable
Student 2189,3,4,3,Employable
Student 2190,3,3,3,Employable
Student 2191,4,3,3,Employable
Student 2192,3,3,3,Employable
Student 2193,4,4,4,Employable
Student 2194,3,3,4,Employable
Student 2195,5,5,4,LessEmployable
Student 2196,4,3,4,Employable
Student 2197,3,3,2,LessEmployable
Student 2198,3,3,2,LessEmployable
Student 2199,3,4,3,LessEmployable
Student 2200,3,3,3,LessEmployable
Student 2201,3,3,3,LessEmployable
Student 2202,4,4,4,LessEmployable
Student 2203,4,5,4,LessEmployable
Student 2204,3,5,3,LessEmployable
Student 2205,5,4,4,Employable
Student 2206,4,4,4,Employable
Student 2207,5,5,4,Employable
Student 2208,3,5,3,LessEmployable
Student 2209,5,5,4,Employable
Student 2210,4,5,4,Employable
Student 2211,4,3,3,LessEmployable
Student 2212,5,5,4,Employable
Student 2213,4,4,4,Employable
Student 2214,5,5,4,Employable
Student 2215,4,3,3,LessEmployable
Student 2216,4,3,3,LessEmployable
Student 2217,4,5,4,LessEmployable
Student 2218,4,5,3,LessEmployable
Student 2219,5,5,5,Employable
Student 2220,3,5,3,Employable
Student 2221,5,4,4,Employable
Student 2222,4,4,5,Employable
Student 2223,3,3,4,LessEmployable
Student 2224,5,5,4,Employable
Student 2225,5,5,4,Employable
Student 2226,5,5,4,Employable
Student 2227,5,5,4,Employable
Student 2228,4,4,3,LessEmployable
Student 2229,5,4,4,LessEmployable
Student 2230,4,3,3,LessEmployable
Student 2231,3,4,3,LessEmployable
Student 2232,5,5,4,Employable
Student 2233,5,5,4,Employable
Student 2234,5,5,4,Employable
Student 2235,5,5,4,Employable
Student 2236,5,5,4,Employable
Student 2237,5,5,4,Employable
Student 2238,5,4,4,Employable
Student 2239,4,4,3,LessEmployable
Student 2240,4,3,4,LessEmployable
Student 2241,5,5,4,Employable
Student 2242,4,4,4,Employable
Student 2243,3,3,3,Employable
Student 2244,4,5,4,LessEmployable
Student 2245,3,3,3,Employable
Student 2246,4,3,3,Employable
Student 2247,4,4,3,LessEmployable
Student 2248,4,4,4,Employable
Student 2249,3,3,3,Employable
Student 2250,3,3,5,Employable
Student 2251,4,4,4,Employable
Student 2252,5,5,5,Employable
Student 2253,4,4,4,Employable
Student 2254,3,3,3,Employable
Student 2255,3,3,3,Employable
Student 2256,4,4,4,LessEmployable
Student 2257,3,4,4,LessEmployable
Student 2258,4,3,3,Employable
Student 2259,4,3,3,Employable
Student 2260,4,4,4,Employable
Student 2261,4,3,4,Employable
Student 2262,4,4,3,LessEmployable
Student 2263,2,2,3,Employable
Student 2264,4,4,3,Employable
Student 2265,3,3,3,LessEmployable
Student 2266,4,3,3,Employable
Student 2267,3,3,3,LessEmployable
Student 2268,3,3,2,Employable
Student 2269,4,4,4,Employable
Student 2270,4,4,4,Employable
Student 2271,4,4,3,LessEmployable
Student 2272,4,3,4,Employable
Student 2273,5,5,4,Employable
Student 2274,3,3,2,Employable
Student 2275,4,4,3,LessEmployable
Student 2276,4,4,4,LessEmployable
Student 2277,3,3,2,Employable
Student 2278,4,4,4,Employable
Student 2279,3,3,3,LessEmployable
Student 2280,4,3,3,Employable
Student 2281,4,3,2,Employable
Student 2282,3,3,3,LessEmployable
Student 2283,3,3,3,LessEmployable
Student 2284,4,3,3,Employable
Student 2285,5,4,4,LessEmployable
Student 2286,4,4,3,LessEmployable
Student 2287,4,3,3,LessEmployable
Student 2288,4,4,4,LessEmployable
Student 2289,4,4,4,LessEmployable
Student 2290,4,5,5,Employable
Student 2291,4,4,4,Employable
Student 2292,4,4,3,LessEmployable
Student 2293,4,4,3,LessEmployable
Student 2294,4,5,5,LessEmployable
Student 2295,4,4,3,Employable
Student 2296,4,4,3,Employable
Student 2297,4,5,4,Employable
Student 2298,4,4,3,Employable
Student 2299,3,3,4,LessEmployable
Student 2300,5,5,5,Employable
Student 2301,5,5,4,Employable
Student 2302,5,5,4,Employable
Student 2303,5,4,3,Employable
Student 2304,5,5,4,Employable
Student 2305,5,4,3,LessEmployable
Student 2306,5,5,3,Employable
Student 2307,5,5,3,Employable
Student 2308,4,4,4,LessEmployable
Student 2309,4,4,3,LessEmployable
Student 2310,4,4,3,LessEmployable
Student 2311,5,4,3,LessEmployable
Student 2312,5,5,3,Employable
Student 2313,3,3,2,Employable
Student 2314,4,4,4,Employable
Student 2315,4,4,3,Employable
Student 2316,3,3,3,Employable
Student 2317,5,5,4,LessEmployable
Student 2318,4,4,4,LessEmployable
Student 2319,4,4,3,LessEmployable
Student 2320,4,4,3,Employable
Student 2321,4,4,3,Employable
Student 2322,5,4,5,LessEmployable
Student 2323,5,5,5,Employable
Student 2324,5,5,5,Employable
Student 2325,3,4,4,LessEmployable
Student 2326,4,4,3,LessEmployable
Student 2327,4,3,4,LessEmployable
Student 2328,4,4,4,LessEmployable
Student 2329,4,5,5,LessEmployable
Student 2330,3,4,3,Employable
Student 2331,4,4,3,Employable
Student 2332,3,3,3,Employable
Student 2333,4,4,3,LessEmployable
Student 2334,4,3,4,LessEmployable
Student 2335,2,3,3,LessEmployable
Student 2336,5,5,5,LessEmployable
Student 2337,4,3,3,LessEmployable
Student 2338,5,5,5,LessEmployable
Student 2339,3,3,3,Employable
Student 2340,3,3,2,LessEmployable
Student 2341,5,5,5,Employable
Student 2342,5,5,5,LessEmployable
Student 2343,5,3,3,LessEmployable
Student 2344,3,5,3,Employable
Student 2345,5,5,3,Employable
Student 2346,3,3,3,Employable
Student 2347,4,4,3,Employable
Student 2348,4,2,2,LessEmployable
Student 2349,3,3,3,LessEmployable
Student 2350,4,4,4,LessEmployable
Student 2351,3,3,3,Employable
Student 2352,3,3,3,Employable
Student 2353,4,4,4,Employable
Student 2354,4,4,4,Employable
Student 2355,4,3,3,LessEmployable
Student 2356,5,5,4,LessEmployable
Student 2357,3,3,3,LessEmployable
Student 2358,3,3,3,Employable
Student 2359,4,4,4,LessEmployable
Student 2360,4,4,4,Employable
Student 2361,4,4,5,Employable
Student 2362,4,5,5,Employable
Student 2363,3,3,3,LessEmployable
Student 2364,5,4,4,Employable
Student 2365,4,3,3,Employable
Student 2366,4,3,3,Employable
Student 2367,4,5,5,Employable
Student 2368,4,4,3,Employable
Student 2369,3,3,2,LessEmployable
Student 2370,3,3,3,LessEmployable
Student 2371,3,4,3,Employable
Student 2372,3,3,3,Employable
Student 2373,4,3,3,Employable
Student 2374,3,3,3,Employable
Student 2375,4,4,4,Employable
Student 2376,3,3,4,Employable
Student 2377,5,5,4,LessEmployable
Student 2378,4,3,4,Employable
Student 2379,3,3,2,LessEmployable
Student 2380,3,3,2,LessEmployable
Student 2381,3,4,3,LessEmployable
Student 2382,3,3,3,LessEmployable
Student 2383,3,3,3,LessEmployable
Student 2384,4,4,4,LessEmployable
Student 2385,4,5,4,LessEmployable
Student 2386,3,5,3,LessEmployable
Student 2387,5,4,4,Employable
Student 2388,4,4,4,Employable
Student 2389,5,5,4,Employable
Student 2390,3,5,3,LessEmployable
Student 2391,5,5,4,Employable
Student 2392,4,5,4,Employable
Student 2393,4,3,3,LessEmployable
Student 2394,5,5,4,Employable
Student 2395,4,4,4,Employable
Student 2396,5,5,4,Employable
Student 2397,4,3,3,LessEmployable
Student 2398,4,3,3,LessEmployable
Student 2399,4,5,4,LessEmployable
Student 2400,4,5,3,LessEmployable
Student 2401,5,5,5,Employable
Student 2402,3,5,3,Employable
Student 2403,5,4,4,Employable
Student 2404,4,4,5,Employable
Student 2405,3,3,4,LessEmployable
Student 2406,5,5,4,Employable
Student 2407,5,5,4,Employable
Student 2408,5,5,4,Employable
Student 2409,5,5,4,Employable
Student 2410,4,4,3,LessEmployable
Student 2411,5,4,4,LessEmployable
Student 2412,4,3,3,LessEmployable
Student 2413,3,4,3,LessEmployable
Student 2414,5,5,4,Employable
Student 2415,5,5,4,Employable
Student 2416,5,5,4,Employable
Student 2417,5,5,4,Employable
Student 2418,5,5,4,Employable
Student 2419,5,5,4,Employable
Student 2420,5,4,4,Employable
Student 2421,4,4,3,LessEmployable
Student 2422,4,3,4,LessEmployable
Student 2423,5,5,4,Employable
Student 2424,4,4,4,Employable
Student 2425,3,3,3,Employable
Student 2426,4,5,4,LessEmployable
Student 2427,3,3,3,Employable
Student 2428,4,3,3,Employable
Student 2429,4,4,3,LessEmployable
Student 2430,4,4,4,Employable
Student 2431,3,3,3,Employable
Student 2432,3,3,5,Employable
Student 2433,4,4,4,Employable
Student 2434,5,5,5,Employable
Student 2435,4,4,4,Employable
Student 2436,3,3,3,Employable
Student 2437,3,3,3,Employable
Student 2438,4,4,4,LessEmployable
Student 2439,3,4,4,LessEmployable
Student 2440,4,3,3,Employable
Student 2441,4,3,3,Employable
Student 2442,4,4,4,Employable
Student 2443,4,3,4,Employable
Student 2444,4,4,3,LessEmployable
Student 2445,2,2,3,Employable
Student 2446,4,4,3,Employable
Student 2447,3,3,3,LessEmployable
Student 2448,4,3,3,Employable
Student 2449,3,3,3,LessEmployable
Student 2450,3,3,2,Employable
Student 2451,4,4,4,Employable
Student 2452,4,4,4,Employable
Student 2453,4,4,3,LessEmployable
Student 2454,4,3,4,Employable
Student 2455,5,5,4,Employable
Student 2456,3,3,2,Employable
Student 2457,4,4,3,LessEmployable
Student 2458,4,4,4,LessEmployable
Student 2459,3,3,2,Employable
Student 2460,4,4,4,Employable
Student 2461,3,3,3,LessEmployable
Student 2462,4,3,3,Employable
Student 2463,4,3,2,Employable
Student 2464,3,3,3,LessEmployable
Student 2465,3,3,3,LessEmployable
Student 2466,4,3,3,Employable
Student 2467,5,4,4,LessEmployable
Student 2468,4,4,3,LessEmployable
Student 2469,4,3,3,LessEmployable
Student 2470,4,4,4,LessEmployable
Student 2471,4,4,4,LessEmployable
Student 2472,4,5,5,Employable
Student 2473,4,4,4,Employable
Student 2474,4,4,3,LessEmployable
Student 2475,4,4,3,LessEmployable
Student 2476,4,5,5,LessEmployable
Student 2477,4,4,3,Employable
Student 2478,4,4,3,Employable
Student 2479,4,5,4,Employable
Student 2480,4,4,3,Employable
Student 2481,3,3,4,LessEmployable
Student 2482,5,5,5,Employable
Student 2483,5,5,4,Employable
Student 2484,5,5,4,Employable
Student 2485,5,4,3,Employable
Student 2486,5,5,4,Employable
Student 2487,5,4,3,LessEmployable
Student 2488,5,5,3,Employable
Student 2489,5,5,3,Employable
Student 2490,4,4,4,LessEmployable
Student 2491,4,4,3,LessEmployable
Student 2492,4,4,3,LessEmployable
Student 2493,5,4,3,LessEmployable
Student 2494,5,5,3,Employable
Student 2495,3,3,2,Employable
Student 2496,4,4,4,Employable
Student 2497,4,4,3,Employable
Student 2498,3,3,3,Employable
Student 2499,5,5,4,LessEmployable
Student 2500,4,4,4,LessEmployable
Student 2501,4,4,3,LessEmployable
Student 2502,4,4,3,Employable
Student 2503,4,4,3,Employable
Student 2504,5,4,5,LessEmployable
Student 2505,5,5,5,Employable
Student 2506,5,5,5,Employable
Student 2507,3,4,4,LessEmployable
Student 2508,4,4,3,LessEmployable
Student 2509,4,3,4,LessEmployable
Student 2510,4,4,4,LessEmployable
Student 2511,4,5,5,LessEmployable
Student 2512,3,4,3,Employable
Student 2513,4,4,3,Employable
Student 2514,3,3,3,Employable
Student 2515,4,4,3,LessEmployable
Student 2516,4,3,4,LessEmployable
Student 2517,2,3,3,LessEmployable
Student 2518,5,5,5,LessEmployable
Student 2519,4,3,3,LessEmployable
Student 2520,5,5,5,LessEmployable
Student 2521,3,3,3,Employable
Student 2522,3,3,2,LessEmployable
Student 2523,5,5,5,Employable
Student 2524,5,5,5,LessEmployable
Student 2525,5,3,3,LessEmployable
Student 2526,3,5,3,Employable
Student 2527,5,5,3,Employable
Student 2528,3,3,3,Employable
Student 2529,4,4,3,Employable
Student 2530,4,2,2,LessEmployable
Student 2531,3,3,3,LessEmployable
Student 2532,4,4,4,LessEmployable
Student 2533,3,3,3,Employable
Student 2534,3,3,3,Employable
Student 2535,4,4,4,Employable
Student 2536,4,4,4,Employable
Student 2537,4,3,3,LessEmployable
Student 2538,5,5,4,LessEmployable
Student 2539,3,3,3,LessEmployable
Student 2540,3,3,3,Employable
Student 2541,4,4,4,LessEmployable
Student 2542,4,4,4,Employable
Student 2543,4,4,5,Employable
Student 2544,4,5,5,Employable
Student 2545,3,3,3,LessEmployable
Student 2546,5,4,4,Employable
Student 2547,4,3,3,Employable
Student 2548,4,3,3,Employable
Student 2549,4,5,5,Employable
Student 2550,4,4,3,Employable
Student 2551,3,3,2,LessEmployable
Student 2552,3,3,3,LessEmployable
Student 2553,3,4,3,Employable
Student 2554,3,3,3,Employable
Student 2555,4,3,3,Employable
Student 2556,3,3,3,Employable
Student 2557,4,4,4,Employable
Student 2558,3,3,4,Employable
Student 2559,5,5,4,LessEmployable
Student 2560,4,3,4,Employable
Student 2561,3,3,2,LessEmployable
Student 2562,3,3,2,LessEmployable
Student 2563,3,4,3,LessEmployable
Student 2564,3,3,3,LessEmployable
Student 2565,3,3,3,LessEmployable
Student 2566,4,4,4,LessEmployable
Student 2567,4,5,4,LessEmployable
Student 2568,3,5,3,LessEmployable
Student 2569,5,4,4,Employable
Student 2570,4,4,4,Employable
Student 2571,5,5,4,Employable
Student 2572,3,5,3,LessEmployable
Student 2573,5,5,4,Employable
Student 2574,4,5,4,Employable
Student 2575,4,3,3,LessEmployable
Student 2576,5,5,4,Employable
Student 2577,4,4,4,Employable
Student 2578,5,5,4,Employable
Student 2579,4,3,3,LessEmployable
Student 2580,4,3,3,LessEmployable
Student 2581,4,5,4,LessEmployable
Student 2582,4,5,3,LessEmployable
Student 2583,5,5,5,Employable
Student 2584,3,5,3,Employable
Student 2585,5,4,4,Employable
Student 2586,4,4,5,Employable
Student 2587,3,3,4,LessEmployable
Student 2588,5,5,4,Employable
Student 2589,5,5,4,Employable
Student 2590,5,5,4,Employable
Student 2591,5,5,4,Employable
Student 2592,4,4,3,LessEmployable
Student 2593,5,4,4,LessEmployable
Student 2594,4,3,3,LessEmployable
Student 2595,3,4,3,LessEmployable
Student 2596,5,5,4,Employable
Student 2597,5,5,4,Employable
Student 2598,5,5,4,Employable
Student 2599,5,5,4,Employable
Student 2600,5,5,4,Employable
Student 2601,5,5,4,Employable
Student 2602,5,4,4,Employable
Student 2603,4,4,3,LessEmployable
Student 2604,4,3,4,LessEmployable
Student 2605,5,5,4,Employable
Student 2606,4,4,4,Employable
Student 2607,3,3,3,Employable
Student 2608,4,5,4,LessEmployable
Student 2609,3,3,3,Employable
Student 2610,4,3,3,Employable
Student 2611,4,4,3,LessEmployable
Student 2612,4,4,4,Employable
Student 2613,3,3,3,Employable
Student 2614,3,3,5,Employable
Student 2615,4,4,4,Employable
Student 2616,5,5,5,Employable
Student 2617,4,4,4,Employable
Student 2618,3,3,3,Employable
Student 2619,3,3,3,Employable
Student 2620,4,4,4,LessEmployable
Student 2621,3,4,4,LessEmployable
Student 2622,4,3,3,Employable
Student 2623,4,3,3,Employable
Student 2624,4,4,4,Employable
Student 2625,4,3,4,Employable
Student 2626,4,4,3,LessEmployable
Student 2627,2,2,3,Employable
Student 2628,4,4,3,Employable
Student 2629,3,3,3,LessEmployable
Student 2630,4,3,3,Employable
Student 2631,3,3,3,LessEmployable
Student 2632,3,3,2,Employable
Student 2633,4,4,4,Employable
Student 2634,4,4,4,Employable
Student 2635,4,4,3,LessEmployable
Student 2636,4,3,4,Employable
Student 2637,5,5,4,Employable
Student 2638,3,3,2,Employable
Student 2639,4,4,3,LessEmployable
Student 2640,4,4,4,LessEmployable
Student 2641,3,3,2,Employable
Student 2642,4,4,4,Employable
Student 2643,3,3,3,LessEmployable
Student 2644,4,3,3,Employable
Student 2645,4,3,2,Employable
Student 2646,3,3,3,LessEmployable
Student 2647,3,3,3,LessEmployable
Student 2648,4,3,3,Employable
Student 2649,5,4,4,LessEmployable
Student 2650,4,4,3,LessEmployable
Student 2651,4,3,3,LessEmployable
Student 2652,4,4,4,LessEmployable
Student 2653,4,4,4,LessEmployable
Student 2654,4,5,5,Employable
Student 2655,4,4,4,Employable
Student 2656,4,4,3,LessEmployable
Student 2657,4,4,3,LessEmployable
Student 2658,4,5,5,LessEmployable
Student 2659,4,4,3,Employable
Student 2660,4,4,3,Employable
Student 2661,4,5,4,Employable
Student 2662,4,4,3,Employable
Student 2663,3,3,4,LessEmployable
Student 2664,5,5,5,Employable
Student 2665,5,5,4,Employable
Student 2666,5,5,4,Employable
Student 2667,5,4,3,Employable
Student 2668,5,5,4,Employable
Student 2669,5,4,3,LessEmployable
Student 2670,5,5,3,Employable
Student 2671,5,5,3,Employable
Student 2672,4,4,4,LessEmployable
Student 2673,4,4,3,LessEmployable
Student 2674,4,4,3,LessEmployable
Student 2675,5,4,3,LessEmployable
Student 2676,5,5,3,Employable
Student 2677,3,3,2,Employable
Student 2678,4,4,4,Employable
Student 2679,4,4,3,Employable
Student 2680,3,3,3,Employable
Student 2681,5,5,4,LessEmployable
Student 2682,4,4,4,LessEmployable
Student 2683,4,4,3,LessEmployable
Student 2684,4,4,3,Employable
Student 2685,4,4,3,Employable
Student 2686,5,4,5,LessEmployable
Student 2687,5,5,5,Employable
Student 2688,5,5,5,Employable
Student 2689,3,4,4,LessEmployable
Student 2690,4,4,3,LessEmployable
Student 2691,4,3,4,LessEmployable
Student 2692,4,4,4,LessEmployable
Student 2693,4,5,5,LessEmployable
Student 2694,3,4,3,Employable
Student 2695,4,4,3,Employable
Student 2696,3,3,3,Employable
Student 2697,4,4,3,LessEmployable
Student 2698,4,3,4,LessEmployable
Student 2699,2,3,3,LessEmployable
Student 2700,5,5,5,LessEmployable
Student 2701,4,3,3,LessEmployable
Student 2702,5,5,5,LessEmployable
Student 2703,3,3,3,Employable
Student 2704,3,3,2,LessEmployable
Student 2705,5,5,5,Employable
Student 2706,5,5,5,LessEmployable
Student 2707,5,3,3,LessEmployable
Student 2708,3,5,3,Employable
Student 2709,5,5,3,Employable
Student 2710,3,3,3,Employable
Student 2711,4,4,3,Employable
Student 2712,4,2,2,LessEmployable
Student 2713,3,3,3,LessEmployable
Student 2714,4,4,4,LessEmployable
Student 2715,3,3,3,Employable
Student 2716,3,3,3,Employable
Student 2717,4,4,4,Employable
Student 2718,4,4,4,Employable
Student 2719,4,3,3,LessEmployable
Student 2720,5,5,4,LessEmployable
Student 2721,3,3,3,LessEmployable
Student 2722,3,3,3,Employable
Student 2723,4,4,4,LessEmployable
Student 2724,4,4,4,Employable
Student 2725,4,4,5,Employable
Student 2726,4,5,5,Employable
Student 2727,3,3,3,LessEmployable
Student 2728,5,4,4,Employable
Student 2729,4,3,3,Employable
Student 2730,4,3,3,Employable
Student 2731,4,5,5,Employable
Student 2732,4,4,3,Employable
Student 2733,3,3,2,LessEmployable
Student 2734,3,3,3,LessEmployable
Student 2735,3,4,3,Employable
Student 2736,3,3,3,Employable
Student 2737,4,3,3,Employable
Student 2738,3,3,3,Employable
Student 2739,4,4,4,Employable
Student 2740,3,3,4,Employable
Student 2741,5,5,4,LessEmployable
Student 2742,4,3,4,Employable
Student 2743,3,3,2,LessEmployable
Student 2744,3,3,2,LessEmployable
Student 2745,3,4,3,LessEmployable
Student 2746,3,3,3,LessEmployable
Student 2747,3,3,3,LessEmployable
Student 2748,4,4,4,LessEmployable
Student 2749,4,5,4,LessEmployable
Student 2750,3,5,3,LessEmployable
Student 2751,5,4,4,Employable
Student 2752,4,4,4,Employable
Student 2753,5,5,4,Employable
Student 2754,3,5,3,LessEmployable
Student 2755,5,5,4,Employable
Student 2756,4,5,4,Employable
Student 2757,4,3,3,LessEmployable
Student 2758,5,5,4,Employable
Student 2759,4,4,4,Employable
Student 2760,5,5,4,Employable
Student 2761,4,3,3,LessEmployable
Student 2762,4,3,3,LessEmployable
Student 2763,4,5,4,LessEmployable
Student 2764,4,5,3,LessEmployable
Student 2765,5,5,5,Employable
Student 2766,3,5,3,Employable
Student 2767,5,4,4,Employable
Student 2768,4,4,5,Employable
Student 2769,3,3,4,LessEmployable
Student 2770,5,5,4,Employable
Student 2771,5,5,4,Employable
Student 2772,5,5,4,Employable
Student 2773,5,5,4,Employable
Student 2774,4,4,3,LessEmployable
Student 2775,5,4,4,LessEmployable
Student 2776,4,3,3,LessEmployable
Student 2777,3,4,3,LessEmployable
Student 2778,5,5,4,Employable
Student 2779,5,5,4,Employable
Student 2780,5,5,4,Employable
Student 2781,5,5,4,Employable
Student 2782,5,5,4,Employable
Student 2783,5,5,4,Employable
Student 2784,5,4,4,Employable
Student 2785,4,4,3,LessEmployable
Student 2786,4,3,4,LessEmployable
Student 2787,5,5,4,Employable
Student 2788,4,4,4,Employable
Student 2789,3,3,3,Employable
Student 2790,4,5,4,LessEmployable
Student 2791,3,3,3,Employable
Student 2792,4,3,3,Employable
Student 2793,4,4,3,LessEmployable
Student 2794,4,4,4,Employable
Student 2795,3,3,3,Employable
Student 2796,3,3,5,Employable
Student 2797,4,4,4,Employable
Student 2798,5,5,5,Employable
Student 2799,4,4,4,Employable
Student 2800,3,3,3,Employable
Student 2801,3,3,3,Employable
Student 2802,4,4,4,LessEmployable
Student 2803,3,4,4,LessEmployable
Student 2804,4,3,3,Employable
Student 2805,4,3,3,Employable
Student 2806,4,4,4,Employable
Student 2807,4,3,4,Employable
Student 2808,4,4,3,LessEmployable
Student 2809,2,2,3,Employable
Student 2810,4,4,3,Employable
Student 2811,3,3,3,LessEmployable
Student 2812,4,3,3,Employable
Student 2813,3,3,3,LessEmployable
Student 2814,3,3,2,Employable
Student 2815,4,4,4,Employable
Student 2816,4,4,4,Employable
Student 2817,4,4,3,LessEmployable
Student 2818,4,3,4,Employable
Student 2819,5,5,4,Employable
Student 2820,3,3,2,Employable
Student 2821,4,4,3,LessEmployable
Student 2822,4,4,4,LessEmployable
Student 2823,3,3,2,Employable
Student 2824,4,4,4,Employable
Student 2825,3,3,3,LessEmployable
Student 2826,4,3,3,Employable
Student 2827,4,3,2,Employable
Student 2828,3,3,3,LessEmployable
Student 2829,3,3,3,LessEmployable
Student 2830,4,3,3,Employable
Student 2831,5,4,4,LessEmployable
Student 2832,4,4,3,LessEmployable
Student 2833,4,3,3,LessEmployable
Student 2834,4,4,4,LessEmployable
Student 2835,4,4,4,LessEmployable
Student 2836,4,5,5,Employable
Student 2837,4,4,4,Employable
Student 2838,4,4,3,LessEmployable
Student 2839,4,4,3,LessEmployable
Student 2840,4,5,5,LessEmployable
Student 2841,4,4,3,Employable
Student 2842,4,4,3,Employable
Student 2843,4,5,4,Employable
Student 2844,4,4,3,Employable
Student 2845,3,3,4,LessEmployable
Student 2846,5,5,5,Employable
Student 2847,5,5,4,Employable
Student 2848,5,5,4,Employable
Student 2849,5,4,3,Employable
Student 2850,5,5,4,Employable
Student 2851,5,4,3,LessEmployable
Student 2852,5,5,3,Employable
Student 2853,5,5,3,Employable
Student 2854,4,4,4,LessEmployable
Student 2855,4,4,3,LessEmployable
Student 2856,4,4,3,LessEmployable
Student 2857,5,4,3,LessEmployable
Student 2858,5,5,3,Employable
Student 2859,3,3,2,Employable
Student 2860,4,4,4,Employable
Student 2861,4,4,3,Employable
Student 2862,3,3,3,Employable
Student 2863,5,5,4,LessEmployable
Student 2864,4,4,4,LessEmployable
Student 2865,4,4,3,LessEmployable
Student 2866,4,4,3,Employable
Student 2867,4,4,3,Employable
Student 2868,5,4,5,LessEmployable
Student 2869,5,5,5,Employable
Student 2870,5,5,5,Employable
Student 2871,3,4,4,LessEmployable
Student 2872,4,4,3,LessEmployable
Student 2873,4,3,4,LessEmployable
Student 2874,4,4,4,LessEmployable
Student 2875,4,5,5,LessEmployable
Student 2876,3,4,3,Employable
Student 2877,4,4,3,Employable
Student 2878,3,3,3,Employable
Student 2879,4,4,3,LessEmployable
Student 2880,4,3,4,LessEmployable
Student 2881,2,3,3,LessEmployable
Student 2882,5,5,5,LessEmployable
Student 2883,4,3,3,LessEmployable
Student 2884,5,5,5,LessEmployable
Student 2885,3,3,3,Employable
Student 2886,3,3,2,LessEmployable
Student 2887,5,5,5,Employable
Student 2888,5,5,5,LessEmployable
Student 2889,5,3,3,LessEmployable
Student 2890,3,5,3,Employable
Student 2891,5,5,3,Employable
Student 2892,3,3,3,Employable
Student 2893,4,4,3,Employable
Student 2894,4,2,2,LessEmployable
Student 2895,3,3,3,LessEmployable
Student 2896,4,4,4,LessEmployable
Student 2897,3,3,3,Employable
Student 2898,3,3,3,Employable
Student 2899,4,4,4,Employable
Student 2900,4,4,4,Employable
Student 2901,4,3,3,LessEmployable
Student 2902,4,5,4,LessEmployable
Student 2903,3,3,3,LessEmployable
Student 2904,3,3,3,Employable
Student 2905,4,4,4,LessEmployable
Student 2906,4,4,4,Employable
Student 2907,4,4,5,Employable
Student 2908,4,5,5,Employable
Student 2909,3,3,3,LessEmployable
Student 2910,5,4,4,Employable
Student 2911,4,3,3,Employable
Student 2912,4,3,3,Employable
Student 2913,4,5,5,Employable
Student 2914,4,4,3,Employable
Student 2915,3,3,2,LessEmployable
Student 2916,3,3,3,LessEmployable
Student 2917,3,4,3,Employable
Student 2918,3,3,3,Employable
Student 2919,4,3,3,Employable
Student 2920,3,3,3,Employable
Student 2921,4,4,4,Employable
Student 2922,3,3,4,Employable
Student 2923,5,5,4,LessEmployable
Student 2924,4,3,4,Employable
Student 2925,3,3,2,LessEmployable
Student 2926,3,3,2,LessEmployable
Student 2927,3,4,3,LessEmployable
Student 2928,3,3,3,LessEmployable
Student 2929,3,3,3,LessEmployable
Student 2930,4,4,4,LessEmployable
Student 2931,4,5,4,LessEmployable
Student 2932,3,5,3,LessEmployable
Student 2933,5,4,4,Employable
Student 2934,4,4,4,Employable
Student 2935,5,5,4,Employable
Student 2936,3,5,3,LessEmployable
Student 2937,5,5,4,Employable
Student 2938,4,5,4,Employable
Student 2939,4,3,3,LessEmployable
Student 2940,5,5,4,Employable
Student 2941,4,4,4,Employable
Student 2942,5,5,4,Employable
Student 2943,4,3,3,LessEmployable
Student 2944,4,3,3,LessEmployable
Student 2945,4,5,4,LessEmployable
Student 2946,4,5,3,LessEmployable
Student 2947,5,5,5,Employable
Student 2948,3,5,3,Employable
Student 2949,5,4,4,Employable
Student 2950,4,4,5,Employable
Student 2951,3,3,4,LessEmployable
Student 2952,5,5,4,Employable
Student 2953,5,5,4,Employable
Student 2954,5,5,4,Employable
Student 2955,5,5,4,Employable
Student 2956,4,4,3,LessEmployable
Student 2957,5,4,4,LessEmployable
Student 2958,4,3,3,LessEmployable
Student 2959,3,4,3,LessEmployable
Student 2960,5,5,4,Employable
Student 2961,5,5,4,Employable
Student 2962,5,5,4,Employable
Student 2963,5,5,4,Employable
Student 2964,5,5,4,Employable
Student 2965,5,5,4,Employable
Student 2966,5,4,4,Employable
Student 2967,4,4,3,LessEmployable
Student 2968,4,3,4,LessEmployable
Student 2969,5,5,4,Employable
Student 2970,4,4,4,Employable
Student 2971,3,3,3,Employable
Student 2972,4,5,4,LessEmployable
Student 2973,3,3,3,Employable
Student 2974,4,3,3,Employable
Student 2975,4,4,3,LessEmployable
Student 2976,4,4,4,Employable
Student 2977,3,3,3,Employable
Student 2978,3,3,5,Employable
Student 2979,4,4,4,Employable
Student 2980,5,5,5,Employable
Student 2981,4,4,4,Employable
Student 2982,3,3,3,Employable
Student 2983,3,3,3,Employable
Student 2984,4,4,4,LessEmployable
Student 2985,3,4,4,LessEmployable
Student 2986,4,3,3,Employable
Student 2987,4,3,3,Employable
Student 2988,4,4,4,Employable
Student 2989,4,3,4,Employable
Student 2990,4,4,3,LessEmployable
Student 2991,2,2,3,Employable
Student 2992,4,4,3,Employable
Student 2993,3,3,3,LessEmployable
Student 2994,4,3,3,Employable
Student 2995,3,3,3,LessEmployable
Student 2996,3,3,2,Employable
Student 2997,4,4,4,Employable
Student 2998,4,4,4,Employable
Student 2999,4,4,3,LessEmployable
Student 3000,4,3,4,Employable
